A;Anordnung;
A;Anweisung;
AA;Auswärtiges Amt;
AA;Agentur für Arbeit;
AAgAw                  Agenturen für Arbeit in getrennter Aufgabenwahrnehmung;;
AB;Agenturberater/in;
AB;Arbeitsbereich;
AB;Arbeitsberechtigung;
AB;Ausführungsbestimmungen;
ABBA;Automatisierte Beihilfebearbeitung auf Arbeitsplatzcomputer;
Abdr.;Abdruck;
ABewGr;Allgemeine Bewirtschaftungsgrundsätze für Zuwendungen der BA im Rahmen der institutionellen Förderung der beruflichen Bildung;
ABF;Arbeitsmarkt- und Berufsforschung;
Abg;Ausbildungsgeld;
AbgG;Abgeordnetengesetz;
abH;ausbildungsbegleitende Hilfen;
abi;Berufswahlmagazin   Zeitschrift für Schüler der 11. bis 13.  Jahrgangsstufen;
ABIS;Programm zur beruflichen Integration Schwerbehinderter;
Abk.;;   Abkommen
ABL;;   Arbeitsbereichsleiter/-in
ABl.;Amtsblatt;
abl.;ablehnend;
ABlEG;Amtsblatt der Europäischen Gemeinschaften;
ABM;Arbeitsbeschaffungsmaß-nahmen;
ABM-A;Anordnung des Verwaltungsrats der BA über die Förderung von Arbeitsbeschaffungsmaßnahmen (ABM-Anordnung);
AbordnBest;Abordnungsbestimmungen;
Abs.;Absatz;
Abschn.;Abschnitt;
ABS-Gesell-;Gesellschaften zur Arbeitsförde-;
schaften;rung, Beschäftigung und Struktur¬entwicklung (ABS);
AC                   ;Assessment-Center (ein Auswahlverfahren);
AD;Außendienst;
a.D.;außer Dienst;
AdA;Ausbildung der Ausbilder;
ADR;Richtlinien für den Außendienst;
ADV;Automatisierte Datenverarbeitung;
AE;Arbeitserlaubnis;
ÄD ;Ärztlicher Dienst;
ÄG;Ärztliches Gutachten;
Änd;Änderung;
ÄndA;Änderungsanordnung;
ÄndG;Änderungsgesetz;
ÄndV;Änderungsverordnung;
AEntG;Gesetz über zwingende Arbeitsbedingungen bei grenzüberschreitenden Dienstleistungen;
;- Arbeitnehmer-Entsendegesetz - ;
AER;Arbeitserlaubnisrecht;
AEV;Arbeitserlaubnisverfahren;
AEVO;Ausbilder-Eignungsverordnung;
AEZ;Arbeitsentgeltzuschuss;
a.F.;alte(r) Fassung;
A FbW;Anordnung des Verwaltungsrats der BA über die Förderung der beruflichen Weiterbildung;
A FdB;Anordnung des Verwaltungsrats der BA über die Förderung der Berufsausbildung von ausländischen Auszubildenden sowie von lernbeeinträchtigten oder sozial benachteiligten deutschen Auszubildenden;
AFöG;Ausbildungsförderungsgesetz;
AFU-Bau;Ausführungsunterlage-Bau;
AG;Amtsgericht;
AG;Arbeitgeber;
AGG;Allgemeines Gleichbehandlungsgesetz;
A Gebühren;Anordnung des Verwaltungsrats ;
§ 44 SGB III;der Bundesanstalt für Arbeit (BA) über die Entrichtung von Gebühren durch Arbeitgeber für die Auslandsvermittlung auf Grund zwischenstaatlicher Vereinbarungen oder Vermittlungsabsprachen der Bundesanstalt mit ausländischen Arbeitsverwaltungen;
;;
A Gebühren;Anordnung des Verwaltungsrats;
§ 287 SGB III    ;der Bundesanstalt für Arbeit (BA);
;über die Entrichtung von Gebühren durch Arbeitgeber für die Erteilung einer Arbeitserlaubnis an ausländische Arbeitnehmer, die auf der Grundlage einer zwischenstaatlichen Vereinbarung über die Beschäftigung von Arbeitnehmern auf der Grundlage von Werkverträgen tätig werden;
AGeh/in;Amtsgehilfe/in;
AGen;Arbeitsgenehmigung;
AGH;Arbeitsgelegenheiten;
AGR;Arbeitskräftegesamtrechnung des Instituts für Arbeitsmarkt- und Berufsforschung ;
AGS;Amtlicher Gemeindeschlüssel;
AG-S;Arbeitgeber-Service;
AGV;Arbeitgeberverband/ -verbände;
AG-V;Arbeitgeberorientierter Vermittler;
AI/in;Amtsinspektor/in;
AIOSP;Association Internationale d’Organisation Scolaire et Professionelle, Internationale Vereinigung für Schul  und Berufsberatung;
AKG;Allgemeines Kriegsfolgengesetz;
AkNZ;Akademie für Notfallplanung und Zivilschutz – BMI -;
AKO;Ablaufkontrolle;
AkzV;Akademie für zivile Verteidigung   BMI  ;
a.L.;auf Lebenszeit;
Alb;Arbeitslosenbeihilfe;
ALG;Gesetz über die Alterssicherung der Landwirte;
Alg;Arbeitslosengeld;
Alg I;Arbeitslosengeld nach SGB III;
Alg II;Arbeitslosengeld nach SGB II;
Alg II V;Arbeitslosengeld    II/Sozialgeldverordnung nach dem SGB II;
AlgPC;Alg-PC-Berechnungshilfe;
Alg-W;Arbeitslosengeld bei beruflicher Weiterbildung;
Alg-WB;Alg bei berufl. Weiterbildung an behinderte Menschen;
Alg-W-BerRehaG;Alg bei berufl. Weiterbildung nach § 6 Abs. 1 BerRehaG;
Alhi;Arbeitslosenhilfe ;
ALLEGRO             Alg II – Leistungsverfahren Grundsicherung Online;;
Alo;Arbeitsloser/ Arbeitslose;
Alo-Meldung;Arbeitslosmeldung;
Alüg;Altersübergangsgeld;
Alv;Arbeitslosenversicherung;
Alv.Abk.;Arbeitslosenversicherungs-Abkommen;
AM;Amtsmeister;
AM-…;Arbeitsmarkt-…;
AMA;Arbeitsmarktausschnitt;
AMDL                    Arbeitsmarktdienstleistungen;;
AMEV;Arbeitskreis Maschinen  u. Elektrotechnik staatlicher und kommunaler Verwaltungen;
AM-IS;Auftragsmanagement für den ;
Internen Service;;
AMM                     Dualer Studiengang Arbeitsmarktmanagement;;
AMP;Arbeitsmarktprogramm;
AMPOL;Arbeitsmarktpolitik;
AMS;Arbeitsmarktstruktur;
Amtl.Erl.;Amtliche Erläuterung;
AN;Arbeitnehmer/in;
ANBA;Amtliche Nachrichten der BA;
AnfG;Anfechtungsgesetz;
Anh.;Anhang;
ANHI;Arbeitnehmerhilfe;
Anl.;Anlage(n);
Anm.;Anmerkung(en);
Ann.;Annalen;
ANoAV;Arbeitnehmerorientierte Arbeitsvermittlung ;
Anp.;Anpassung;
AnpG;Anpassungsgesetz;
Anr.;Anrechnung;
AnTV;Anschlußtarifvertrag;
ANÜ;Arbeitnehmerüberlassung;
AN-V;Arbeitnehmerorientierter Vermittler/in;
Anw.;Anwärter/in;
Anw.;Anweisung;
AnwzVo;Anwartschaftszeit-Verordnung;
AO;Abgabenordnung;
AO;Aktenordnung einschl. der Regelungen zum elektronischen Ablagesystem der BA;
AOB;Anordnungsbefugter/r;
AP;Anerkennungsprämie;
AP;Arbeitspaket Teil;
AP;Arbeitserprobung;
;;
AP;Arbeitsrechtliche Praxis;
;- Nachschlagewerk des BAG -;
APDR;Arbeitsplatzdrucker;
apl.;außerplanmäßig;
AplFG;Ausbildungsplatzförderungs-gesetz;
a.Pr.;auf Probe;
APS                      Application Service;;
Arb-Anl.;Arbeitsanleitung;
Arb.-Anw.;Arbeitsanweisung;
ArbBl.;Arbeitsblatt;
ArbG;Arbeitsgericht;
ArbGG;Arbeitsgerichtsgesetz;
ArbplSchG;Gesetz über den Schutz des Arbeitsplatzes bei Einberufung zum Wehrdienst;
;- Arbeitsplatzschutzgesetz -;
ArbSchG;Gesetz über die Durchführung von Maßnahmen des Arbeitsschutzes zur Verbesserung der Sicherheit und des Gesundheitsschutzes der Beschäftigten bei der Arbeit;
;- Arbeitsschutzgesetz -;
ArbSG;Gesetz zur Sicherstellung von Arbeitsleistungen für Zwecke der Verteidigung einschließlich des Schutzes der Zivilbevölkerung;
;- Arbeitssicherstellungsgesetz -;
ArbStättV;Arbeitsstättenverordnung;
ArbStoG;Gesetz über gesundheitsschädliche oder feuergefährliche Arbeitsstoffe;
ArbSV;Verordnung über die Feststellung und Deckung des Arbeitskräftebedarfs nach dem Arbeitssicherstellungsgesetz;
ArbZG;Arbeitszeitgesetz;
Arch.;Archiv;
ARE                      Alarmruf EDV;;
ArEV;Arbeitsentgeltverordnung;
ARGE;Arbeitsgemeinschaft nach § 44b SGB II;
ArGV;Arbeitsgenehmigungsver-ordnung;
ARS;Action Request System der Fa.Remedy, Tickettool d.UHD d.IT-Gruppen u.d.ITS;
Art.;Artikel;
ArV;Arbeiterrentenversicherung;
ARgV-AA;Arbeitsgenehmigungsverfahren-Agenturen für Arbeit;
ArVNG;Gesetz zur Neuregelung des Rechts der Rentenversicherung der Arbeiter   Arbeiterrentenversicherungs-Neuregelungsgesetz –;
AS;Antragsservice;
ASAV;Anwerbestoppausnahme-verordnung;
ASBA;Aufgabenstrukturplanung der BA;
ASiG;Arbeitssicherheitsgesetz;
ASMK                   Arbeits- und Sozialministerkonferenz;;
ASPO;Ausbildungs , Studien  und Prüfungsordnung für Beratungskräfte in der BA;
ASR;Arbeitsstätten-Richtlinien;
Ass.;Assessor/in;
Asu;Arbeitsuchend;
Asu-Meldung;Arbeitsuchendmeldung;
AsylbLG;Gesetz zur Neuregelung der Leistungen an Asylbewerber   Asylbewerberleistungsgesetz  ;
AsylVfG;Gesetz zur Neuregelung des Asylverfahrens   Asylverfahrensgesetz –;
AT;Ausbildungsmarkttyp;
AtG;Altersteilzeitgesetz;
ATV                      Allgemeine Terminverwaltung;;
ATV-BA;Tarifvertrag über die betriebliche Altersversorgung der Arbeitnehmerinnen und Arbeitnehmer der Bundesagentur für Arbeit;
AU;Arbeitsunfähigkeit;
AU-Bescheinig     ärztliche Bescheinigung üb.Arbeitsunfähigkeit;;
AUB;Allgemeine Unfallversicherungsbedingungen;
AUB;Arbeitsunfähigkeitsbescheinigung;
AÜG;Arbeitnehmerüberlassungs-gesetz;
AÜKostV;Arbeitnehmerüberlassungs-erlaubnis-Kostenverordnung;
AufenthG/EWG;Gesetz über Einreise und Aufenthalt von Staatsangehörigen der Mitgliedstaaten der Europäischen Wirtschaftsgemeinschaft;
aufgeh.;aufgehoben;
Aufh.;Aufhebung;
Aufw.;Aufwendungen;
A-Uhg;Anschlußunterhaltsgeld;
AusbO;Verordnung über die Berufsausbildung zum Fachangestellten/zur Fachangestellten für Arbeitsförderung;
AusbV;Ausbildungsvermittlung;
Ausf.;Ausführung;
Ausf.Best.;Ausführungsbestimmungen;
Ausl.;Ausland;
AuslG;Ausländergesetz;
AuslGVwV;Allgemeine Verwaltungsvorschrift zur Ausführung des Ausländergesetzes;
AuswG;Gesetz über das Auswanderungswesen;
AUV;Verordnung über die Umzugskostenvergütung bei Auslands¬umzügen - Auslandsumzugskostenverordnung  ;
AUViA;Anordnung des Verwaltungsrats der BA über die unentgeltliche Vermittlung in berufliche Ausbildungsstellen im Auftrag der BA;
AV;Arbeitsvermittler/in;
AV;Ausführungsvorschriften;
AVAVG;Gesetz über Arbeitsvermittlung und Arbeitslosenversicherung;
AVE;Allgemeinverbindlichkeits-erklärung;
AVermV;Verordnung über Arbeitsvermittlung durch private Arbeitsvermittler;
AVGS;Aktivierungsgutschein;
AvH;Alexander-von-Humboldt-Stiftung   AA  ;
AVmG;Altersvermögensgesetz;
AVO;Ausführungsverordnung;
AVS;Automatisiertes Vollstreckungs-System;
AVwV;Allgemeine Verwaltungsvorschrift;
a.W.;auf Widerruf;
AWI;Stiftung Alfred-Wegener Institut für Polar- und Meeresforschung  - BMBF -;
AWV;Auslandswohnungsvorschriften;
AWV;Ausschuss für wirtschaftliche Verwaltung in Wirtschaft und öffentlicher Hand e.V.;
A2LL;Arbeitslosengeld II- Leistungen zum Lebensunterhalt (web-basierte Fachsoftware zur Umsetzung des SGB II-Leistungsrechts);
AZ;Aktenzeichen;
AZ;Arbeitsstättenzählung des Statistischen Bundesamtes und der Statistischen Landesämter;
AZ;Ausbildungszuschuss;
AZR;Ausländerzentralregister;
AZWV;Anerkennungs- und Zulassungsverordnung Weiterbildung;
AZV;Allgemeiner Zahlungsverkehr;
AZV;Verordnung über die Arbeitszeit der Beamtinnen und Beamten des Bundes;
Azubi;Auszubildende/r;
;;
;;
;;
B;;
B;Bereich;
BA;Bundesagentur für Arbeit ;
B.A.;Bachelor of Arts;
BA-BI;BA-Bildungsinstitut;
BAC;Berechnungshilfe Arbeitsmarktchancen;
BAD;Berechnungshilfe Arbeitnehmerdifferenzierung;
BADiV;Basisdienst Dienststellen-/Träger- u. Standortverzeichnis;
BA-I;BA-Info;
BA-Rb;BA-Rundbrief;
BA-SH;BA-Service-Haus;
BA-Vb;BA-Vorstandsbrief;
BAA;Bundesausgleichsamt   BMI  ;
BAB;Berufsausbildungsbeihilfe;
BAB;Betriebsabrechnungsbogen;
BABl.;Bundesausschreibungsblatt;
BAbschn.;Berufsabschnitt;
BADiV                   Basisdienst Dienststellenverzeichnis;;
BaE;Berufsausbildung in außerbetrieblichen Einrichtungen;
BÄR;Bundesweite Ärzterekrutierung für die BA;
BAFA;Bundesamt für Wirtschaft und Ausfuhrkontrolle   BMWi  ;
BAMF;Bundesamt für Migration und Flüchtlinge;
BAFin;Bundesanstalt für Finanzdienstleistungsaufsicht – BMF -;
BAföG;Bundesgesetz über individuelle Förderung der Ausbildung   Bundesausbildungsförderungs¬gesetz  ;
BAG;Bundesamt für Güterverkehr   BMVBW  ;
BAG;Bundesarbeitsgericht;
BAGE;Entscheidungen des Bundesarbeitsgerichts;
BAIR;BA-Info-Rechtsprechung;
BAJ;Beihilfen zur beruflichen Eingliederung junger Ausländer aus Bundesmitteln;
BAköV;Bundesakademie für öffentliche Verwaltung   BMI  ;
BAKred;Bundesaufsichtsamt für das Kreditwesen   BMF  ;
BAkWVT;Bundesakademie für Wehrverwaltung und Wehrtechnik   BMVg  ;
BAM;Bundesanstalt für Materialforschung und  prüfung   BMWi –;
BAMF;Bundesamt für Migration und ;
                               Flüchtlinge                     ;;
Banf                       Bedarfs-/Bestellanforderung (in PeP);;
BAnst PT;Bundesanstalt für Post und Telekommunikation Deutsche Bundespost   BMF  ;
BAnw/in;Beratungsanwärter/in;
BAnz.;Bundesanzeiger;
BAR;Bundesarbeitsgemeinschaft für Rehabilitation;
BArbBl.;Bundesarbeitsblatt;
BArch;Bundesarchiv   BKM  ;
BArch-FA;Bundesarchiv – Filmarchiv - BMI -;
BArchG;Gesetz über die Sicherung und Nutzung von Archivgut des Bundes   Bundesarchivgesetz  ;
BArch-LAA;Bundesarchiv – Lastenaus-;
gleichsarchiv -  BKM -;;
BArch-MA;Bundesarchiv – Militärarchiv   BKM  ;
BArch-ZNS;Bundesarchiv – Zentralnachweisstelle - BKM -;
BARoV;Bundesamt zur Regelung offener Vermögensfragen   BMF  ;
BAS                      Basis Service;;
BASt;Bundesanstalt für Straßenwesen   BMVBW  ;
BASt;Bundesausgleichsstelle;
BAuA;Bundesanstalt für Arbeitsschutz und Arbeitsmedizin   BMA  ;
BauBetrVo;Baubetriebe-Verordnung;
BauDir/in;Baudirektor/in;
BauGB;Baugesetzbuch;
BaulärmG;Gesetz zum Schutz gegen Baulärm;
BauNV;Baunutzungsverordnung;
BauNVO;Neufassung der Verordnung über die bauliche Nutzung der Grundstücke;
BAV;Bundesarbeitgeberverband/ -verbände;
BAV;Bundesaufsichtsamt für das Versicherungswesen   BMF  ;
BAW;Bundesanstalt für Wasserbau   BMVBW  ;
BAWe;Bundesaufsichtsamt für den Wertpapierhandel   BMF  ;
BAWV;Bundesamt für Wehrverwaltung   BMVg  ;
BAZ;Bundesamt für den Zivildienst   BMFSFJ  ;
BB;Berlin-Brandenburg;
BB                         Berufsberatung;;
BB;Berufsberater/in ;
BBA;Biologische Bundesanstalt für Land  und Forstwirtschaft   BMVEL  ;
BBÄndG;Gesetz zur Änderung beamtenrechtlicher und besoldungsrechtlicher Vorschriften – Bundesbe-soldungsänderungsgesetz -;
Bb-AG/T;Bearbeitungsbüro Arbeitgeber/Träger;
Bb-AN;Bearbeitungsbüro Arbeitnehmer;
BBB;Bundesstelle für Büroorganisation und Bürotechnik;
BBE;Lehrgang zur Verbesserung beruflicher Bildungs- und Eingliederungschancen;
BBesG;Bundesbesoldungsgesetz;
BBesO;Bundesbesoldungsordnung;
BBF                       Beschäftigungsorientierte Beratung und Fallmanagement;;
BBG;Bundesbeamtengesetz;
BBiA-BA;Berufsbildungsausschuss der BA;
BBiG;Berufsbildungsgesetz;
BBk;Deutsche Bundesbank;
BBN;Baubedarfsnachweisung;
BBNR;Betriebsnummer im Rahmen des integrierten Meldeverfahrens zur Sozialversicherung;
BBR;Bundesamt für Bauwesen und Raumordnung – BMVBW -;
BBVAnpG;Bundesbesoldungs  und –versorgungsanpassungsgesetz;
BBVLG;Gesetz über vermögenswirksame Leistungen für Beamte,Richter,Berufssoldaten und Soldaten auf Zeit;
BBW;Berufsbildungswerk;
BCA;Beauftragte für Chancengleichheit am Arbeitsmarkt;
Bd.;Band, Bände;
BDA;Besoldungsdienstalter;
BDA;Bundesvereinigung der Deutschen Arbeitgeberverbände;
BdDV;Betrieb der dezentralen Datenverarbeitung;
BDG;Bundesdisziplinargesetz;
BdG;Büro der Geschäftsführung;
BDI;Bundesverband der Deutschen Industrie;
BdO;Bundesverband der Ortskrankenkassen;
BDSG;Bundesdatenschutzgesetz;
BDV;Beschäftigtendatenverwalter (KLR);
BdU;Bedarf für Unterkunft und Heizung;
BeamtVG;Gesetz über die Versorgung der Beamten und Richter in Bund und Ländern   Beamtenversorgungsgesetz -;
BeamtVÜV;Verordnung über beamtenversorgungsrechtliche Übergangsregelungen nach Herstellung der Einheit Deutschlands;
  Beamtenversorgungs-Übergangsverordnung  ;;
Bed-ID;Bediener-Identifikation   Bedienerkennung –;
BEEG;Bundesentgelt- und Elternzeitgesetz;
begl.;beglaubigt;
Begr.;Begründung;
Beil.;Beilage;
Beitr.;Beitrag;
BeitrAB;Beiträge zur Arbeitsmarkt- und Berufsforschung;
Bek.;Bekanntmachung;
BeKrV;Verordnung über die Ausdehnung der Unfallversicherung auf Berufskrankheiten;
BEM;Betriebliches Eingliederungsmanagement;
BEO                      Besucher Eingangszonen Organisation;;
Ber., ber.;Berichtigung, berichtigt;
Ber.;Beruf(e);
BERUFENET;Netzwerk für Berufe;
BERUFEnet;Netzwerk für Berufe (alte Wortmarke);
BES;Bearbeitungshilfe Einordnung SteA;
BeschA;Beschaffungsamt des Bundesministeriums des Innern   BMI  ;
BeschFG;Beschäftigungsförderungs-gesetz;
BesGr;Besoldungsgruppe;
BesO;Besoldungsordnung;
Best.;Bestimmung(en);
BesÜV;Besoldungs-Übergangsverordnung;
BETA;Betriebsdaten im Arbeitsamt;
BetrRG;Betriebsrätegesetz;
BetrVG;Betriebsverfassungsgesetz;
BeurkG;Beurkundungsgesetz;
BeurlRL;Richtlinien für die Beurlaubung von Bundesbediensteten zur Übernahme von Aufgaben der Entwicklungshilfe - Beurlaubungsrichtlinien des Bundes  ;
Beurteilungs-;Richtlinien für die Beurteilung/;
Richtl. AuF;Bewertung von Nachwuchskräften und Teilnehmern/innen an der Aufstiegsaus  und  fortbildung;
BEV;Bundeseisenbahnvermögen   BMVBW  ;
BEvG;Bundesevakuiertengesetz;
BewA;Bewerberangebot;
BewA ;Bewilligungsantrag;
BewKat;Bewertungskatalog;
BEZ;Beschäftigungszuschuss;
BF;Berufsfindung;
BfAI;Bundesagentur für Außenwirtschaft   BMWi  ;
BfArM;Bundesinstitut für Arzneimittel und Medizinprodukte   BMG  ;
BfD;Bundesbeauftragter für den Datenschutz   BMI  ;
BfD/BA;Beauftragter für den Datenschutz in der BA;
BFD;Bundesfreiwilligendienst;
BfdH;Beauftragter für den Haushalt;
BfG;Bundesanstalt für Gewässer-;
kunde   BMVBW ;;
BFH;Bundesfinanzhof;
BFIO;Büro Führungskräfte zu Internationalen Organisationen;
BFK;Basisfachkonzept;
BfN;Bundesamt für Naturschutz   BMU  ;
BfS;Bundesamt für Strahlenschutz   BMU  ;
BFU;Bundesstelle für Flugunfalluntersuchung - BMVBW -;
BfV;Bundesamt für Verfassungsschutz   BMI  ;
BFW;Berufsförderungswerk;
BFW;Büro Führungskräfte der Wirtschaft;
BFZ;Berufsförderungszentrum;
BG;Berufsgenossenschaft;
BG;Bedarfsgemeinschaft;
BGB;Bürgerliches Gesetzbuch;
BGBl.;Bundesgesetzblatt;
BGleiG;Bundesgleichstellungsgesetz;
BGG;Behindertengleichstellungsgesetz;
BGF;Bruttogrundrissfläche;
BGH;Bundesgerichtshof;
BGHSt;Entscheidung des Bundesgerichtshofs in Strafsachen;
BGHZ;Entscheidungen des Bundesgerichtshofs in Zivilsachen;
BGJ;Berufsgrundbildungsjahr;
BGJ;Berufsgrundschuljahr;
BGM;Betriebliches Gesundheitsmanagement;
BGr;Berufsgruppe;
BGR;Bildungsgesamtrechnung des Instituts für Arbeitsmarkt  und Berufsforschung;
BGR;Bundesanstalt für Geowissenschaften und Rohstoffe - BMWi -;
BGremBG;Bundesgremienbesetzungs-gesetz;
BGS;Bundesgrenzschutz   BMI –;
BGS;Bildungsgutschein;
BGSAmt;Bundesgrenzschutzamt – BMI -;
BGSDir;Grenzschutzdirektion – BMI -;
BGSP;Grenzschutzpräsidium – BMI -;
BGSSch;Grenzschutzschule – BMI -;
BgVV;Bundesinstitut für gesundheitlichen Verbraucherschutz und Veterinärmedizin  ¬- BMVEL  ;
Bhi;Beschäftigungshilfen für Langzeitarbeitslose;
BHK;Bundeshauptkasse   BMF  ;
BHO;Bundeshaushaltsordnung;
BhV;Allgemeine Verwaltungsvorschrift für  Beihilfen in Krankheits , Pflege-und Geburtsfällen -- Beihilfevorschriften –;
BI                          Business Intelligence;;
BIB;Bundesinstitut für Bevölkerungsforschung   BMI  ;
BiBB;Bundesinstitut für Berufsbildung   BMBF –;
BIBE;Bahn-Internet-Booking-Engine;
BiBe-O                  Bibliotheksbenutzungsordnung (BiBeO) der Fachbibliothek für Arbeitsmarktforschung und     Arbeitsverwaltung;;
BI-C;Business Intelligence Controlling;
BIK;Berufsinformationskarte;
BildscharbV;Bildschirmarbeitsverordnung;
BIOst;Bundesinstitut für ostwissenschaftliche und internationale Studien   BMI  ;
BIP;Bruttoinlandsprodukt;
BISp;Bundesinstitut für Sportwissenschaft   BMI –;
BITV;Verordnung zur Schaffung barrierefreier Informationstechnik nach dem BGG;
BIZ;Berufsinformationszentrum;
BJAV;Bezirks-Jugend- und Auszubildendenvertretung;
BK;Beratungskunde;
BK;Berufsberatungskarte;
BK;Berufskrankheit;
Bk;Bewerbungskosten;
BK;Bürokommunikation;
BK;Bundeskanzleramt;
BKA;Bundeskriminalamt   BMI –;
BKartA;Bundeskartellamt   BMWi  ;
BKB;Berufskundliche Kurzbeschreibungen;
BKG;Bundesamt für Kartographie und Geodäsie – BMI - ;
BKGE;Bundesinstitut für Kultur und Geschichte der Deutschen im östlichen Europa - BKM -;
BKGG;Bundeskindergeldgesetz;
BKK;Betriebskrankenkasse;
BKI;Berufsklasse;
BKM;Beauftragter der Bundesregierung für Angelegenheiten der Kultur und der Medien;
BKn;Bundesknappschaft   BMA  ;
BKV;Berufskrankheitenverordnung;
BKZ;Berufskennziffer;
BKZ;Berufsklassenzahl;
BL;Bereichsleiter/-in;
BLE;Bundesanstalt für Landwirtschaft und Ernährung   BMVEL –;
BLIS;Bereichleiter/in - Interner Service;
BLG;Bayer. Landesgewerbeanstalt;
BLK;Bund-/Länderkommission für Bildungsplanung und Forschungsförderung;
BLV;Verordnung über die Laufbahnen der Bundesbeamtinnen und  Bundesbeamten   Bundeslaufbahnverordnung  ;
BLZ;Bankleitzahl;
BMAS;Bundesministerium für Arbeit und Soziales;
BMBF;Bundesministerium für Bildung und Forschung ;
BMeldDÜV;Bundesmeldedatenüber-mittlungsverordnung;
BMF;Bundesministerium der Finanzen;
BMFSFJ;Bundesministerium für Familie, Senioren, Frauen und Jugend;
BMG;Bundesministerium für Gesundheit;
BMI;Bundesministerium des Innern;
BMJ;Bundesministerium der Justiz;
BMonV;Bundesmonopolverwaltung für Branntwein   BMF  ;
BMT-G II;Bundesmanteltarifvertrag für Arbeiter gemeindlicher Verwaltungen;
BMU;Bundesministerium für Umwelt;
BMVBS;Bundesministerium für Verkehr, Bau- u.Stadtentwicklung;
BMVEL;Bundesministerium für Ernährung , Landwirtschaft;
BMVg;Bundesministerium der Verteidigung;
BMWi;Bundesministerium für Wirtschaft und Technologie;
BMZ;Bundesministerium für wirtschaftliche Zusammenarbeit ;
BND;Bundesnachrichtendienst   BK –;
BNetzA;Bundesnetzagentur;
BNS;Betriebsnummern-Service;
BNV;Verordnung über die Nebentätigkeit der Bundesbeamten, Berufssoldaten und Soldaten auf Zeit   Bundesnebentätigkeits-verordnung  ;
BnV;Beratung nach Vereinbarung;
BO;Berufsordnung;
BO;Berufsorientierung;
BoKG;Bundesinstitut für ostdeutsche Kultur und Geschichte   BMI  ;
BOSeeA;Bundesoberseeamt – BMVBW  ;
BPA;Personalausweis der Bundesrepublik Deutschland   Bundespersonalausweis  ;
BPA;Presse  und Informationsamt der Bundesregierung;
BPatG;Bundespatentgericht   BMJ  ;
BpB;Bundeszentrale für politische Bildung - BMI -;
BPersA;Bundespersonalausschuss;
BPersVG;Bundespersonalvertretungsgesetz;
BPersVWO;Wahlordnung zum Bundespersonalvertretungsgesetz;
BPjS;Bundesprüfstelle für jugendgefährdende Schriften - BMFSFJ -;
BPolBG;Bundespolizeibeamtengesetz;
BPR;Bezirkspersonalrat;
BPr;Bundespräsident/in;
BPrA;Bundespräsidialamt;
BPS;Berufspsychologischer Service;
BPjM;Bundesprüfstelle für jugendgefährdende Medien   BMFSFJ  ;
BR;Bundesrat;
b.R.;bitte Rücksprache;
BRAGO;Bundesgebührenordnung für Rechtsanwälte;
BRÄndG;Beamtenrechtsänderungsgesetz;
BR-Drucks.;Bundesratsdrucksache;
BReg;Bundesregierung;
BRH;Bundesrechnungshof;
BRI;Bruttorauminhalt;
BRKG;-Bundesreisekostengesetz-;
;;
BRRG;Rahmengesetz zur Vereinheitlichung des Beamtenrechts;
;  Beamtenrechtsrahmengesetz  ;
BS;Bildschirm;
BS 2000;Betriebssystem der Siemens AG;
BSA;Bildschirmarbeitsplatz;
BSA;Bundessortenamt   BMVEL  ;
BSbV;Bezirksschwerbehinderten-vertretung;
BSG;Bundessozialgericht;
BSGE;Entscheidungen des Bundessozial¬gerichts;
BSH;Bundesamt für Seeschiffahrt und Hydrographie   BMVBW ;
BSHG;Bundessozialhilfegesetz;
BSI;Beschäftigung schaffende Infrastrukturförderung;
BSI;Bundesamt für Sicherheit in der Informationstechnik   BMI  ;
BSprA;Bundessprachenamt   BMVg  ;
BStatG;Gesetz über die Statistik für Bundeszwecke   Bundesstatistikgesetz  ;
BStBl.;Bundessteuerblatt;
BStU;Die Bundesbeauftragte für die Unterlagen des Staatssicherheitsdienstes der ehemaligen Deutschen Demokratischen Republik   BMI  ;
BSV;Bundesschuldenverwaltung   BMF –;
BSZG;Bundessonderzahlungsgesetz;
BT;Deutscher Bundestag;
(WB);(Wehrbeauftragter des Deutschen Bundestages);
BT;Bauteil;
BT;Bachelororthesis;
BT-Drucks.;Bundestagsdrucksache;
BTS                      Bildungs- und Tagungsstätte;;
BU;Berufsunfähigkeit;
bub;;  Bearbeitungsunterstützung BewA
BuchSt                 Buchungsstelle;;
BüE;Berufsausbildung in einer außerbetrieblichen (früher: überbetrieblichen) Einrichtung;
Büro S;Büro der Selbstverwaltung ;
(in der Zentrale der BA);;
BUKG;Gesetz über die Umzugskostenvergütung  für die Bundesbeamten, Richter im Bundesdienst und Soldaten   Bundesumzugskostengesetz  ;
BUNR;Buchungsnummer;
BUrlG;Mindesturlaubsgesetz für Arbeitnehmer ;
;-Bundesurlaubsgesetz-;
BuStra;Bußgeld- und Strafsachenstelle;
BV;Bevollmächtigte des Vorstands;
BuT;Bildung und Teilhabe;
BUV;Bundesunternehmen-Unfallverhütungsverordnung;
BV;Bevollmächtigte/r;
BV;Bundesvereinigung;
BVA;Bundesversicherungsamt   BMA  ;
BVA;Bundesverwaltungsamt   BMI –;
BVA;Bundesverwaltungsamt   Bundes-;
  BBB  ;stelle für Büroorganisation und Bürotechnik   BMI -;
BvB;Berufsvorbereitende Bildungsmaßnahmen;
BVB;Besondere Vertragsbedingungen;
BVBl.;Bundesversorgungsblatt;
BVerfG;Bundesverfassungsgericht;
BVerfGE;Entscheidungen des Bundesverfassungsgerichts;
BVerfGG;"Gesetz über das Bundesverfassungsgericht; Bundesverfassungsgerichtsgesetz";
BVerwG;Bundesverwaltungsgericht;
BVerwGE;Entscheidungen des Bundesverwaltungsgerichts;
BVFG;Gesetz über die Angelegenheiten der Vertriebenen und Flüchtlinge   Bundesvertriebenengesetz  ;
BVfr;Bezirksvertrauensfrau der Schwerbehinderten;
BVG;Gesetz über die Versorgung der Opfer des Krieges   Bundesversorgungsgesetz  ;
BVm;Bezirksvertrauensmann der Schwerbehinderten;
BVN;Bewerbungs-Vorlage-Nachricht;
BVS;Bundesverband für den Selbstschutz   BMI  ;
BvS;Bundesanstalt für vereinigungsbedingte Sonderaufgaben   BMF  ;
BW;Baden-Württemberg;
BWB;Bundesamt für Wehrtechnik und Beschaffung   BMVg  ;
BWBSt;Bundeskanzler-Willy-Brandt-Stiftung   BKM  ;
BWDA;Bundeswehrdisziplinaranwalt beim Bundesverwaltungsgericht;
BWGöD;Gesetz zur Regelung der Wiedergutmachung nationalsozialistischen Unrechts für Angehörige des öffentlichen Dienstes;
BWT;Berufswahltest;
BWV;Bundesbeauftragter für Wirtschaftlichkeit in der Verwaltung;
BY;Bayern;
BZ;Bildungszentrum;
BzB;Blätter zur Berufskunde;
BZgA;Bundeszentrale für gesundheitliche Aufklärung   BMG  ;
BZR;Bundeszentralregister   BMJ  ;
BZRG;Gesetz über das Zentralregister und das Erziehungsregister   Bundeszentralregistergesetz  ;
BZRVwV;Allgemeine Verwaltungsvorschriften zur Durchführung des Bundeszentralregistergesetzes;
BZS;Bundesamt für Zivilschutz   BMI  ;
BZSt                     Bundeszentralamt für Steuern (Fachaufsichtsbehörde gegenüber den Familienkassen);;
BZVO;Beitragszahlungsverordnung;
;;
;;
C;;
CANS;Computerunterstützte Arbeitsplätze für nichtsehende, schwer sehbehinderte sowie motorisch behinderte Menschen;
CAST;Chancen und Anreize zur Aufnahme sozialversicherungspflichtiger Tätigkeiten;
CBT;Computer based training;
CDG;Carl-Duisberg-Gesellschaft e.V.   BMZ –;
CF;Controlling/Finanzen;
CGB;Christlicher Gewerkschaftsbund;
CIO                       Chief Information Officer;;
c/o;Care of (per Adresse, bei);
Cobra;Produkteigenname für eine Software ;
coLei;Computerunterstützte Leistungsgewährung;
coLei AA;Computerunterstützte Leistungsgewährung im Arbeitsamt;
coLei Alg, Alhi,;Computerunterstützte Leistungs-;
FbW AA;gewährung Arbeitslosengeld, Arbeitslosenhilfe, Förderung der beruflichen Weiterbildung im Arbeitsamt;
coLei BAB/Reha;Computerunterstützte Leistungs-;
zentral;gewährung Berufsausbildungsbeihilfe/Rehabilitation zentral;
coLei BK(Text);Computerunterstützte Leistungs-;
;gewährung mit integrierten Textverarbeitungsfunktionen;
coLei KG AA;Computerunterstützte Leistungs-gewährung Kindergeld im Arbeitsamt ;
coLei PC AtG;Computerunterstützte Leistungs-gewährung nach dem Altersteilzeitgesetz;
coLei NT;Computerunterstützte Leistungsgewährung mit Windows NT-Oberfläche;
coLei PC BAB/;Computerunterstützte Leistungs-;
Reha;gewährung Personal-Computer ;
;Berufsausbildungsbeihilfe/ Rehabilitation;
coLei PC Egs;Computerunterstützte Leistungsgewährung Personal-Computer Entgeltsicherung für ältere Arbeitnehmer;
coLei PC FWA;Computerunterstützte Leistungsgewährung Personal-Computer FWA (Freiwillige Weiterversicherung in der Arbeitslosenversicherung);
coLei PC SGB II   Computerunterstützte Leistungs-;;
OWi                       gewährung Personal-Computer;;
                              Ordnungswidrigkeiten im SGB II;;
coLei WK;Computerunterstützte Leistungsgewährung Weiterbildungskosten;
coLei WK;Computerunterstützte Leistungs-;
zentral;gewährung Weiterbildungskosten zentral;
coLei ZA;Computerunterstützte Leistungsgewährung im Zentralamt;
COLIBRI;Computerunterstütztes Leistungsberechnungs- und Informationssystem für Arbeitslosengeld ;
COM;Computer Output (on) Microfilm;
coMed;Computerunterstützung der Ärztlichen Dienste in den AA;
ConDoR;computerunterstütztes Leistungsberechnungs- und Dateninformatiossystem für BAB und Reha;
ConDoR-WK;computerunterstütztes Leistungsberechnungs- und Dateninformatiossystem für BAB und Reha mit Fokus auf Inkrement Weiterbildungskosten;
coPW;computerunterstützte Personalwirtschaft;
coPWMItrA;computerunterstützte Personalwirtschaft – mehrschichtige Intranet-basierte Applikation -;
CORA/EBD;COSIMA Restrukturierung der Daten im Arbeitsamt/Einheitliche BA-Datenbasis;
COSACH;Computerunterstützte Sachbearbeitung von Leistungen zur Beschäftigungsförderung;
COSIMA;Computersysteme im Arbeitsamt;
coSta;Computerunterstützte Führung der Stammdatei Alg, Alhi, FuU;
coZAST;Computerunterstützte Abwicklung der Zahlstellenaufgaben;
CPU;central processing unit (Zentraleinheit);
CRM;Customer Relationship Management=Kundenbeziehungs-Management;
CUP;Computerunterstützte Einzugs-stellenprüfung;
CUP-D;Computerunterstützte Einzugs-stellenprüfung-Dialog;
cV;creativ-Vorschlag;
;;
D;;
DA;Dienstanweisung;
DA;Durchführungsanweisung;
DAAD;Deutscher Akademischer Austauschdienst   AA  ;
DA-FE;Durchführungsanweisungen-Forderungseinzug;
DAG;Deutsches Auslieferungsgesetz;
DAI;Deutsches Archäologisches Institut   AA  ;
DALEB;Datenabgleich Leistungsempfängerdatei - Beschäftigtendatei zur Aufdeckung unberechtigten Leistungsbezuges;
DALG II                  Fachanwendung „Datenabgleich ;;
                              nach § 52 SGB II“;;
DAS;Datenaustausch;
DASCH-LE;Datenabgleich zwischen Schuldner- und Leistungsempfängerdatei;
DASt;Datenauskunftsstelle;
DAUN;Dokumentenaustausch unter NADIS;
DAV;Allgemeine Verwaltungsvorschrift über die Einrichtung und Benutzung dienstlicher Telekommunikationsanlagen für die Bundesverwaltung;
  Dienstanschlussvorschrift –;;
DA-WBU;Durchführungsanweisungen ;
Einziehung der Winterbeschäftigungs-Umlage;;
DAZ;Datenabgleich Zollverwaltung;
DB;Durchführungsbestimmung(en);
DB;Datenbank;
DB                        Dienstbesprechung;;
DBB;Deutscher Beamtenbund;
DBG;Deutsches Beamtengesetz;
DBl;Dienstblatt ;
DBlR;Dienstblatt Rechtsprechung;
DBMS;Datenbank-Management-System;
DDB;Die Deutsche Bibliothek   BKM –;
dDk;digitale Dienstkarte;
dDV;Dezentrale Datenverarbeitung;
DE;Datenerfassung;
Deabs;Datenerfassungs- und Ablage-system (bei der Clearingstelle der ZAV);
DED;Deutscher Entwicklungsdienst   BMZ  ;
DEG;Deutsche Investitions  und Entwicklungsgesellschaft   BMZ  ;
DelFi;Datenübertragung elektronisch an die Finanzverwaltung;
DELTA;Dezentrales Testvorgabe- und Testauswertungssystem im ;
Psychologischen Dienst;;
DESY;Stiftung Deutsches Elektronen-Synchrotron - BMBF -;
DEÜV;Verordnung über die Erfassung und Übermittlung von Daten für die Träger der Sozialversicherung;
  Datenerfassungs  und -über- mittlungsverordnung  ;;
DEVO;Zweite VO über die Erfassung von Daten für die Träger der Sozialversicherung und für die BA   Datenerfassungs-Verordnung  ;
DFG;Deutsche Forschungsgemeinschaft   BMBF  ;
DfHw;Durchführungshinweise;
DFS;Deutsche Flugsicherung GmbH   BMVBW ;
DFÜ;Datenfernübertragung;
DFV;Datenfernverarbeitung;
DGB;Deutscher Gewerkschaftsbund;
DGPs;Deutsche Gesellschaft für Psychologie;
DiBAS                   Digitalisierung BA-Schriftgut;;
DIE;Deutsches Institut für Entwicklungspolitik   BMZ  ;
DIHK;Deutscher Industrie- und Handelskammertag;
DIMDI;Deutsches Institut für medizinische Dokumentation und Information   BMG  ;
DINBA;Dokumentation der Informations-verarbeitung in der BA;
DiplO-FH Bund;Diplomierungsordnung der Fachhochschule des Bundes für öffentliche Verwaltung;
Dipl.-Ver-;Diplom-Verwaltungswirt/in;
waltungsw.;;
Dir;Direktor/in bei der Zentrale der BA;
;Direktor/in bei der BA;
;Direktor/in bei der Fachhochschule des Bundes für öffentliche Verwaltung;
Dir u Prof;Direktor/in und Professor/in bei der BA;
DITS;Dezentraler IT-Service;
DITSL;Deutsches Institut für tropische und subtropische Landwirtschaft   BMZ  ;
DIV;Dezentrale Informationsverarbeitung;
DiVo;Dienstvorschrift;
DKfAG;Dienstrechtliches Kriegsfolgen-Abschluß-Gesetz;
DKfz;Dienstkraftfahrzeug;
DKFZ;Stiftung Deutsches Krebsforschungszentrum - BMBF -;
DKR;Dienstleistungskoordinierungs-richtlinie;
DKZ;DokumentationsKennZiffer;
DLK;Dienstleistungskatalog;
DLR;Deutsches Zentrum für Luft- und Raumfahrt e.V. - BMBF –;
DLT;Deutscher Landkreistag;
DMS                     Dokumentenmanagement-System;;
Dok.;Dokument;
Doku;Dokumentationsstelle;
Doppik;Doppelte Buchführung in Konten;
DORA                   Datenbasis operative Auswertungen;;
DP;Dienstposten;
DPMA;Deutsches Patent- und Markenamt   BMJ –;
DQM;Datenqualitätsmanagement;
DRiG;Deutsches Richtergesetz;
DRV;Deutscher Rentenversicherung Bund;
DSE;Deutsche Stiftung für internationale Entwicklung   BMZ –;
DSE;Datenselbsteingabe;
DSRV;Datenstelle der deutschen Rentenversicherung;
DSt;Dienststelle(n);
DST;Deutscher Städtetag;
DStGB;Deutscher Städte- und Gemeindebund;
DTZ;Deutsche Ausgleichsbank;
-;BMWi, BMF -;
DTZ;Deutschtest für Zuwanderer;
DÜ;Datenübertragung;
DÜBA;Regelungen zur Datenübermittlung (Datenaustausch) zwischen der Rentenversicherung und der BA;
DÜBAK;Datenübermittlung BA/Krankenkassen;
DÜVO;Zweite VO über die Datenübermittlung auf maschinell verwertbaren Datenträgern im Bereich der ;
Sozialversicherung und der BA   Datenübermittlungs-Verordnung –;;
DV;Deutscher Verein für öffentliche und private Fürsorge;
DV;Durchführungsverordnung;
DV;Durchführungsvorschriften;
DVA;Datenverarbeitungsanlage;
DVAuslG;Verordnung zur Durchführung des Ausländergesetzes;
DV Kasse/FE;Datenverarbeitungsverfahren Kasse/Forderungseinzug;
DV L§45 AFG;Datenverarbeitungsverfahren zur Zahlung von Leistungen nach § 45 AFG;
DV-Verfahren;Datenverarbeitungsverfahren;
DW;Dienstwohnungsvorschriften;
DWD;Deutscher Wetterdienst - BMVBW ;
DWH;DataWareHouse;
DWVA;Verwaltungsvorschriften über Dienstwohnungen im Ausland;
DzB                      Dienstleistungsbereich für zentrale Bildungsaufgaben;;
;;
E;;
E;Entscheidung;
E;Entwurf;
EA;Empfangsaufforderung;
EAGFL;Europäischer Ausrichtungs  und Garantiefonds für die Landwirtschaft (Agrarfonds);
eAkte                    elektronische Akte;;
EAO;Erreichbarkeits-Anordnung;
eAPL;elektronischer  Außendienstplan;
eAr;   ;   elektronisches Archiv 
EB;;   Eingliederungsbilanz
EB;;   Eigenbemühungen
EBA;;   Eisenbahn-Bundesamt 
  BMVBW  ;;
EBA;Elektronischer Benutzerantrag;
EBB;Einrichtungen zur beruflichen Bildung;
EBD;Einheitliche BA-Datenbank;
EBest;Einzugsbestimmungen;
EBZ;Europäisches Berufsberatungs-Zentrum;
EDV;Elektronische Datenverarbeitung;
EE;Ersteingliederung;
EEPV;Elektronische Erfassung, Prüfung;
;und Verwaltung ;
E-FiA;Elektronisches Firmenabonnement;
EFRE;Europäischer Fonds für regionale Entwicklung (Regionalfonds);
EFTA;Europäische Freihandelszone;
EFZG;Entgeltfortzahlungsgesetz;
EG;Einführungsgesetz;
EGBGB;Einführungsgesetz zum Bürgerlichen Gesetzbuch;
Eghi;Eingliederungshilfe ;
EGInsO;Einführungsgesetz zur Insolvenzordnung;
EGLAN;Eingliederung von Arbeitnehmern nach dem SGB III;
Egs;Entgeltsicherung für ältere Arbeitnehmer;
Egt;Eingliederungstitel;
EGV;Vertrag zur Gründung der Europäischen Gemeinschaft (EGV);
EGZ;Eingliederungszuschüsse;
Eh;Eingliederungshilfe;
ehem.;ehemalige(r);
EhfG;Entwicklungshelfer-Gesetz;
EIB;Europäische Investmentbank;
EIBa;elektronischer Berechnungsassistent Anwartschaftszeit;
EIBa-AW;elektronische Berechnungsassistenten,Anwartschaftszeitassistent;
EIBa-BM;elektronische Berechnungsassistenten,Bemessungsassistent;
EIBel;elektronische Belegerfassung;
EINa;elektronische Nachweise;
EINa2;Elektronische Nachweise aus  coLei BAB/Reha, WK zentral;
einfD;einfacher Dienst;
EinfG;Einführungsgesetz;
Eingl.;Eingliederung;
EinglAnpG;Gesetz zur Anpassung von Eingliederungsleistungen für Aussiedler und Übersiedler   Eingliederungsanpassungsgesetz ;
EinglG;Eingliederungsgesetz für die Soldaten auf Zeit;
EinglMV;Eingliederungsmittel-Verordnung nach dem SGB II;
EinigungsSfVV;Einigungsstellen-Verfahrensabordnung nach dem SGB II;
einstw. AO;Einstweilige Anordnung;
EinV;Eingliederungsvereinbarung;
EK;Entwicklungskonferenz;
EK;Einkommen (Anlage);
EK;Ersatzkasse;
EKA;Evangelisches Kirchenamt für die Bundeswehr   BMVg  ;
eKK;elektronische Krankheitskarte;
eLb;erwerbsfähiger Leistungsberechtigter;
Elena                    elektronischer Einkommensnachweis;;
ELL;Entwicklungslinien im Leistungs-;
;bereich;
ELS;Elektronischer Schalter;
EltZV;Elternzeitverordnung;
EMI                       E-Mail-Info;;
EMK                      Empfehlungs-/Maßnahmekatalog (IntRev);;
ENG./MOT;Dimen:Engagement/Motivation;
Entschl.;Entschließung;
EntsRL;Richtlinien für die Entsendung von Bundesbediensteten in öffentliche zwischenstaatliche oder überstaatliche Organsisationen;
  Entsendungsrichtlinien  ;;
EP;Einführungsprojekt;
EP;Entwicklungsplan;
Epl.;Einzelplan;
ePost;elektronischer Briefservice der Deutschen Post AG;
EQ;Einstiegsqualifizierung Jugendlicher;
ERE;Europäische Rechnungseinheit;
Erg., erg.;Ergänzung, ergänzt;
ErgBd.;Ergänzungsband;
Erl. erl.;Erläuterung, erläutert;
Erl;Erlass;
ErnA;Erinnerung nach Antragstellung;
ERP;European Recovery Program (Europäisches Wiederaufbauprogramm);
ERP;Enterprise Resource Planning (Planung [des Einsatzes/der Verwendung] der Unternehmensressourcen);
ERP-KompZen     ERP-Kompetenz-Zentrum;;
ErsDiG;Gesetz über den zivilen Ersatzdienst;
ErstG;Gesetz über das Verfahren für die Erstattung von Fehlbeständen an öffentlichem Vermögen   Erstattungsgesetz  ;
ERZ;Entwicklungsrechenzentrum;
ERZ-D;Entwicklungsrechenzentrum-dezentral;
ErzG;Erziehungsgeld;
ES;Entwicklungsstufe;
ESF;Europäischer Sozialfonds;
ESG;Einstiegsgeld nach SGB II;
EStDV;Einkommensteuer-Durchführungsverordnung;
EStG;Einkommensteuergesetz;
EStR;Einkommensteuer-Richtlinien;
ETS;Erwachsenen-Test-Serie;
EU;Eignungsuntersuchung;
EU;Erwerbsunfähigkeit;
EU;Europäische Union;
EUB;Testserie für Hauptschüler;
EÜG;Eignungsübungsgesetz;
EuGH;Europäischer Gerichtshof;
EuGHE;Amtliche Sammlung des Europäischen Gerichtshofes;
EURES;European Employment Services;
EURES-T;EURES-Transfrontalier;
EurIKom;Europäisches Informations- und Kommunikationssystem;
EURO;Europäische Währungseinheit;
EUrlV;Verordnung über den Erholungsurlaub, der Beamtinnen,Beamten,Richterinnen und Richter des Bundes   Erholungsurlaubsverordnung  ;
Ev;Eingliederungsvertrag;
EV;Europa-Vertretung der BA;
EV;Eingliederungsvereinbarung;
EvA;Computerunterstütztes Erlaubnisverfahren Arbeitsvermittlung;
EVU;Energieversorgungsunternehmen;
EWG;Europäische Wirtschaftsgemeinschaft;
EWR;Europäischer Wirtschaftsraum;
EWS;Europäisches Währungssystem;
EWWU;Europäische Wirtschafts- und Währungsunion;
EXGZ;Existenzgründungszuschuss;
EZ;Eingangszone;
EZ/AV;Einstellungszusage/Arbeitsvertrag;
EZN;Einstellungszuschüsse bei Neugründungen;
EZulV;Erschwerniszulagenverordnung;
EZV;Einstellungszuschuss bei Vertetung;
;;
;;
F;;
F;Fassung;
F;Förderlehrgang;
FA/in;Fachassistent/in;
FAb/in;Fachausbilder/in;
FA;Finanzamt;
FA-BA/SGB II;Finanzauswertungen der BA/SGB II;
FÄHIG./QUAL.;Dimens:Fähigkeiten/;
;Qualifikation;
FAIR;Förderung der Arbeitsaufnahme  ;
;#NAME?;
FAL;Bundesforschungsanstalt für Landwirtschaft - BMVEL –;
FALKE;Fachverfahren für Rechtsbehelfe, Ordnungswidrigkeiten und Strafverfahren;
FamKa;Familienkasse;
FAQ                      Frequently Asked Questions (häufig gestellte Fragen);;
FAV;Förderung von Arbeitsverhältnissen;
Fax;Fernkopie;
FB;Fachbereich;
FBA;Führungsakademie der BA, Lauf ;
FBA;Finanzbauamt;
FBAR;Zahlungsweg Zahlungsanweisung (Postbar) ohne Kostenabzug gem. § 337 SGB III;
FB Arbeits-;Fachbereich Arbeitsverwaltung;
verwaltung;;
FBL;Fachbereichsleiter/-in;
FbW;Förderung der beruflichen Weiterbildung;
FC                         Flipchart;;
FdE;Förderung der Einstellung und Beschäftigung Schwerbehinderter auf Arbeits  und Ausbildungsplätzen;
FELEG;Gesetz zur Förderung der Einstellung der landwirtschaftlichen Erwerbstätigkeit;
FF;Freie Förderung;
FF;Funktionsfläche;
FfR;Fachkraft für Rechtsauskünfte;
FG;Festgehalt;
FG;Feststellungsgesetz;
FG;Finanzgericht;
FGB-DDR;Familiengesetzbuch der Deutschen Demokratischen Republik;
FGG;Gesetz über die Angelegenheiten der freiwilligen Gerichtsbarkeit;
FGK;Fachgrobkonzept;
FGO;Finanzgerichtsordnung;
FH;Fachhochschule;
FH;Fachlicher Hinweis (wird ersetzt durch FW);
FHB;Familienheimbestimmungen der BA;
FH-Beauftragte/r;Beauftragte/r für die FH Bund-FB in den Arbeitsagenturen;
FH Bund;Fachhochschule des Bundes für öffentliche Verwaltung   BMI –;
FH Bund-FB;Fachhochschule des Bundes für öffentliche Verwaltung-Fachbereich Arbeitsverwaltung;
(Mannheim);;
FHD;;  Familienheimdarlehen
FHS;Fachhochschule für Sozialarbeit;
FJD;Freiwilliges Jahr im Denkmalschutz;
FIB;Finanz- und Infrastrukturberater/in;
FiMoS;Finanzmonitoring-System;
FINAS;Finanz-Anwender-Systeme;
FINAS-FA;FINAS-Finanzauswertungen;
FINAS-FE             FINAS-Forderungseinzug;;
FINAS-HB             FINAS-Haushaltsmittelbewirt-;;
                              schaftung    ;;
FINAS-KF;FINAS-Kassenanordnung-Forderungseinzug;
FINAS-KR;FINAS-Kostenrechnung;
FINAS-KW            FINAS-Kassenwesen;;
FINAS-RL;FINAS- Rücklagen und Liquiditäts¬planung;
FINAS-ST             FINAS-Stammdaten;;
FINAS-ZK             FINAS-Zahlstellen- und Kassenaufgaben;;
FinAusglG;Gesetz über den Finanzausgleich zwischen Bund und Ländern;
FIS;Führungs- und Informationssystem;
FK;Fachkonzept;
FK;Führungskräfte;
FK-Feedback;Führungskräfte-Feedback;
FKF;Führungskräfte-Feedback;
FKJ;Freiwilliges Kulturelles Jahr;
FL;Fachlicher Leiter (in der Zentrale);
FLAG;Fachlicher Leiter Arbeitgebermanagement;
FM;Fallmanager/in;
FM;Fallmanagement;
FoDokAB;Forschungsdokumentation zur Arbeitsmarkt  und Berufsforschung;
FoDokAB S;Forschungsdokumentation zur Arbeitsmarkt  und Berufsforschung   Sonderband –;
FÖJ;Freiwilliges Ökologisches Jahr;
FPflVO;Fürsorgepflichtverordnung;
FPG;Gesetz zur Überleitung der Haushaltswirtschaft des Bundes in eine mehrjährige Finanzplanung;
FPM;Fuhrparkmanagement;
FPO-gehD-BA;Fortbildungs  und Prüfungsordnung für Angestellte zum Aufstieg in Tätigkeiten des gehobenen Dienstes in der BA;
FRG;Fremdrentengesetz;
FS;Funktionsstufe;
FSJG;Gesetz zur Förderung eines freiwilligen sozialen Jahres;
FStatG;Gesetz über Finanzstatistik;
FtD;Fachtechnischer Dienst;
FU;Führungsunterstützung;
FU-Team;Führungsunterstützungsteam;
FW                        Fachliche Weisung;;
FWA;Freiwillige Weiterversicherung in der Arbeitslosenversicherung;
FV;Fachvermittlung;
FV;Fachverbände;
FVG;Finanzverwaltungsgesetz;
FVIF;Fachvermittlung für landwirtschaftliche Fachkräfte;
FZ;Familienzuschlag;
FZA;Freizeitausgleich;
FZJ;Forschungszentrum Jülich GmbH ;
;- BMBF -;
FZK;Forschungszentrum Karlsruhe GmbH - BMBF -;
FZZV;Zahlungsweg Zahlungsanweisung zur Verrechnung ohne Kostenabzug gem. § 337 SGB III;
;;
G;;
G;Gesetz;
G;Grundausbildungslehrgang;
G 131;Gesetz zur Regelung der Rechtsverhältnisse der unter Artikel 131 des Grundgesetzes fallenden Personen;
GA SGB II;Geschäftsanweisung SGB II;
GAT;Gemeinsame Arbeitstagung mit dem Hauptpersonalrat;
GBA;Generalbundesanwalt beim Bundesgerichtshof   BMJ  ;
GB;Geschäftsbereich ;
GBF;Gesellschaft für Biotechnologische Forschung mbH - BMBF -;
GBI                       BA-Gebäude-Bau- und Immobilienmanagement GmbH;;
GBl.;Gesetzblatt;
GBL;Geschäftsbereichsleiter/-in;
GBO;Grundbuchordnung;
GD;Gemeindedatei;
gD,gehD;gehobener Dienst;
GdB;Grad der Behinderung;
Gde;Gemeinde;
GdeVerb;Gemeindeverband;
GdS;Gewerkschaft der Sozial-versicherung;
GDO;Gemeinsame Dienstordnung;
gE;gemeinsame Einrichtung;
GE;Geschäftseinheit;
GefStoffV;Verordnung über gefährliche Stoffe   Gefahrstoffverordnung  ;
Geldl.;Geldleistungen;
gem.;gemäß;
gemfr.;gemeindefrei;
gem.RdSchr.;gemeinsames Rundschreiben;
GER;Gemeinsamer Europäischer Referenzrahmen für Sprachen;
;;
GES;Gemeinsame Ermittlungsgruppe Schwarzarbeit (Land Berlin);
Ges., ges.;Gesetz, gesetzlich;
ges.gesch.;gesetzlich geschützt;
GesO;Gesamtvollstreckungsordnung;
Gew.;Gewerbe;
GewO;Gewerbeordnung;
gez.;Gezeichnet;
GF;Geschäftsführer Finanzen;
GF;Geschossfläche nach DIN 277;
GF AA;Geschäftsführer/in einer Agentur für Arbeit;
GFZ;Geschoßflächenzahl gem. BauNV;
GFZ;Stiftung GeoForschungsZentrum Potsdam - BMBF -;
GG;Grundgesetz;
GIS;Geschäftsführer/in Interner Service;
GKG;Gerichtskostengesetz;
GKSS;GKSS-Forschungszentrum Geesthacht Gmbh - BMBF -;
GKV;Gesetzliche Krankenversicherung;
GKV-WSG;Gesetz zur Stärkung des Wettbewerbs in der Gesetzlichen Krankenversicherung (GKV-Wettbewerbsstärkungsgesetz);
gl.A.;gleicher Ansicht;
GleichberG;Gesetz über die Gleichberechtigung von Mann und Frau auf dem Gebiete des bürgerlichen Rechts   Gleichberechtigungsgesetz –;
GleiB;Gleichstellungsbeauftragte nach dem Bundesgleichstellungsgesetz;
GleibWV;Gleichstellungsbeauftragter-Wahlverordnung;
GleiStatV;Gleichstellungsstatistikverordnung;
GLF;Gesprächsleitfaden;
GlossAB;Glossare zur Arbeitsmarkt  und Berufsforschung;
GMBl.;Gemeinsames Ministerialblatt für Bundesministerien;
GMD;GMD-Forschungszentrum Informationstechnik GmbH - BMBF -;
GmSOGB;Gemeinsamer Senat der obersten Gerichtshöfe des Bundes;
GO;Geschäftsführer/in Operativ;
GO-AA;Geschäftsordnung der Agenturen;
GO-RD;Geschäftsordnung Regionaldirektion;
GOÄ;Gebührenordnung für Ärzte;
GOZ;Gebührenordnung für Zahnärzte;
GO-Z;Geschäftsordnung der Zentrale der Bundesagentur für Arbeit;
GP;Geschäftsprozess;
GPM;Geschäftsprozessmodell;
GPL                      Gesamtprojektleiter;;
GPR;Gesamtpersonalrat;
g.R.;gegen Rückgabe;
grds.;grundsätzlich;
GrdVerg.;Grundvergütung;
Gr.E.;Grundsätzliche Entscheidungen des Reichsversicherungsamtes;
GrEStG;Grunderwerbssteuergesetz;
Gr.Nov.;Große Novelle;
GrS;Großer Senat (eines obersten Bundesgerichtes);
GrSiDAV;Grundsicherungsdatenabgleichs-;
;verordung;
GrStG;Grundsteuergesetz;
GRV;Gesetzliche Rentenversicherung;
GrVG;Gesetz über die verbilligte Veräußerung, Vermietung und Verpachtung von bundeseigenen Grundstücken;
GRW;Grundsätze und Richtlinien für Wettbewerbe auf den Gebieten der Raumplanung, des Städtebaues und des Bauwesens;
GRZ;Grundflächenzahl gem. BauNV;
GSAmt;Grenzschutzamt   BMI  ;
GSBPAmt;Bahnpolizeiamt   BMI  ;
GScheckBest;Gehaltsscheckbestimmungen;
GSDir;Grenzschutzdirektion   BMI  ;
GSF;GSF-Forschungszentrum für Umwelt und Gesundheit GmbH;
;- BMBF -;
GSGBPAmt          Grenzschutz  und Bahnpolizeiamt   BMI  ;;
GSI;Gesellschaft für Schwerionenforschung mbH - BMBF -;
GSP;Grenzschutzpräsidium   BMI  ;
GSPL/AH;Gesprächsleitfäden/Arbeitshilfen;
GSSch;Grenzschutzschule   BMI  ;
GSt;Geschäftsstelle(n);
GStAPK;Geheimes Staatsarchiv   Preußischer Kulturbesitz - BKM -;
GStLtr/in;Geschäftsstellenleiter/in;
GTZ;Deutsche Gesellschaft für Technische Zusammenarbeit   BMZ  ;
GUG;Gesetz über die Unterbrechung von Gesamtvollstreckungsverfahren ;
  Gesamtvollstreckungs-Unterbrechungsgesetz  ;;
GuV;Gewinn  und Verlustrechnung;
GV;Gesamtverband;
GV;Gesamtvereinbarung;
GVBl.;Gesetz  und Verordnungsblatt;
GVG;Gerichtsverfassungsgesetz;
GvKostG;Gesetz über Kosten der Gerichtsvollzieher;
GWB;Gesetz gegen Wettbewerbsbeschränkungen;
GWG;Geringwertige Wirtschaftsgüter;
GZ;Geschäftszeichen;
GZR;Gewerbezentralregister   BMJ  ;
;;
;;
H;;
H;Hessen;
HA;Heeresamt - BMVg -;
HA;Hauptagentur;
HA;Hauptantrag;
;;
HAG;Heimarbeitsgesetz;
Halbs.;Halbsatz;
HAPS                     Haushaltsaufstellungs- und Planungssystem;;
HAuslG;Gesetz über die Rechtsstellung heimatloser Ausländer im Bundesgebiet;
Hb                         Handbuch;;
HB;Handlungsbedarf;
HBest;Haushalts- und Bewirtschaftsbestimmungen der BA;
HD;Handbuch des Dienstrechts;
hD,höhD;höherer Dienst;
HDA;Handbuch des Dienstrechts, Teil I, Allgemeiner Teil;
HdBA                    Hochschule der Bundesagentur für Arbeit;;
HdG;Haus der Geschichte der Bundesrepublik Deutschland   BKM  ;
HDSW;Handwörterbuch der Sozialwissenschaften;
HEGA;Handlungsempfehlung/Geschäftsanweisung;
HEM;Hemmnisse;
HFüKdo;Heeresführungskommando ;
- BMVg -;;
HG;Haushaltsgesetz;
HG;Haushaltsgemeinschaft;
HGB;Handelsgesetzbuch;
HGr;Hauptgruppe;
HGrG;Gesetz über die Grundsätze des Haushaltsrechts des Bundes und der Länder - Haushaltsgrundsätzegesetz-;
HH;Haushalt;
HHA;Haushaltsausschuss des Deutschen Bundestages;
HHG;Gesetz über Hilfsmaßnahmen für Personen, die aus politischen Gründen außerhalb der Bundesrepublik Deutschland in Gewahrsam genommen wurden   Häftlingshilfegesetz  ;
HintO;Hinterlegungsordnung;
HIS;Hochschulinformationssoftware;
Hj;Haushaltsjahr;
HJAV;Haupt-Jugend  und Auszubildendenvertretung;
HkG;Heimkehrergesetz;
HKR;Haushalts , Kassen , Rechnungswesen;
HLU;Hilfen zum Lebensunterhalt;
HMI;Hahn-Meitner-Institut Berlin GmbH;
;- BMBF -;
HNF;Hauptnutzfläche;
HOAI;Honorarordnung für Architekten und Ingenieure;
HOKO;Hochschulkoordinator/in;
HP;Handlungsprogramme;
HPR;Hauptpersonalrat;
HPW;Handbuch der Personalwirtschaft;
HQA;Hochqualifizierte/r Arbeitnehmer/in;
HRB;Haushaltstechnische Richtlinien des Bundes;
HRFG;Gesetz zur Fortentwicklung des Haushaltsrechts von Bund und Ländern ;
  Haushaltsrechts Fortentwick-lungsgesetz  ;;
HRG;Hochschulrahmengesetz;
HRK;Hochschulrektorenkonferenz;
HS;Hochschule;
HSbV;Hauptschwerbehindertenvertretung;
HSchlLG;Hochschullehrergesetz;
HStZulV;Hochschulleitungs-Stellenzulagenverordnung;
HT;Hochschulteam;
HU-Bau;Haushaltsunterlage-Bau;
HUKdo;Heeresunterstützungskommando;
;- BMVg -;
HV;Hauptstadtvertretung;
HV;Haftungsvorschriften;
HVfr;Hauptvertrauensfrau der Schwerbehinderten;
HVG;Gesetz über die Altersversorgung für das Deutsche Handwerk;
  Handwerkerversorgungsgesetz  ;;
HVm;Hauptvertrauensmann der Schwerbehinderten;
HWK;Handwerkskammer;
HwO;Gesetz zur Ordnung des Handwerks ;
  Handwerksordnung  ;;
HwVG;Gesetz über eine Rentenversicherung der Handwerker   Handwerkerversicherungs-gesetz  ;
HZA/HZÄ;Hauptzollamt/Hauptzollämter;
;;
;;
I;;
I.A.;Im Auftrag;
IAB;Institut für Arbeitsmarkt- und Berufs¬forschung der BA;
IAIPK;Ibero-Amerikanisches Institut   Preußischer Kulturbesitz   BKM  ;
IAO;Internationale Arbeitsorganisation ;
IBAN;Integriertes BA-Netz;
ibv;Informationen für die Beratungs  und Vermittlungsdienste der BA;
IBZ;„Ihre berufliche Zukunft“;
IDB;Interner Dienstbetrieb;
i.d.F.;in der Fassung;
i.d.F.d.G.;in der Fassung des Gesetzes;
i.d.F.d.V.;in der Fassung der Verordnung;
i.d.F.v.;in der Fassung vom;
i.d.R.;in der Regel;
IDV;Individuelle Datenverarbeitung;
IfAG;Institut für Angewandte Geodäsie   BMI –;
IfB;Integrationsfortschritte für Betreuungskunden;
IFD;Integrationsfachdienst;
IFlaS;Initiative zur Flankierung des Strukturwandels;
IHK;Industrie  und Handelskammer;
IK;Institutskennzeichen der Träger der sozialen Sicherung einschließlich ihrer Vertragspartner;
IKK;Innungskrankenkasse;
IKS                        Internes Kontrollsystem;;
IKT;Informations  und Kommunikationstechnik;
ILO;International Labour Organisation;
IMKA;Interministerieller Ausschuss zur Koordinierung der Datenverarbeitung in der Bundesverwaltung;
INBIL;Informationssystem für die Bekämpfung illegaler Beschäftigung;
INFONET;Informationssystem für berufs- und bildungskundliche Informationen (Intranet);
InfoSysBuB           Informationssystem Bildung und Beruf;;
INGA;Interne ganzheitliche Integrationsleistung im SGB III;
InMeKo;Informations- und Medienkonzept der BA;
IntRev                    Interne Revision IntAIV;Internationale Arbeitslosenversicherung;
;;
Insg;Insolvenzgeld;
InsO;Insolvenzordnung;
InstDokAB;Institutionendokumentation (Handbuch) zur Arbeitsmarkt  und Berufsforschung;
IntV;Integrationskursverordnung;
InvZulG;Gesetz über die Gewährung von Investitionszulagen im Zonenrandgebiet und anderen förderungsbedürftigen Gebieten sowie für Forschungs  und Entwicklungsinvestitionen ;
  Investitionszulagengesetz  ;;
iON                       intelligent Power On;;
IPE                       Integrations- und Projekteinheit;;
IPP;Max-Planck-Institut für Plasmaphysik - BMBF -;
IR;Innenrevision ;
i.R.;im Ruhestand;
irM;individuelle rehaspezifische Maßnahme;
IRZ;Deutsche Stiftung für internationale rechtliche Zusammenarbeit e.V.   BMJ  ;
i.S.;im Sinne;
IS                           Interner Service;;
ISB                        In-Sich-Beurlaubung;;
ISCO;Internationale Standardklassifikation der Berufe des Internationalen Arbeitsamtes;
ISDN;Integrated Services Digital Network (Dienste integrierendes digitales Netzwerk);
ISIC;Internationale Systematik der Wirt¬schaftszweige des Statistischen Amtes der Vereinten Nationen;
ISO;International Organisation for Standardization;
IT;Informationstechnik;
ITIL                       IT Infrastructure Library;;
IT-SV;IT-Sicherheitsverantwortliche/r;
ITSYS;BA-IT-Systemhaus;
IuB;Integration und Beratung;
IuD;Information und Dokumentation;
IV;Informationsverarbeitung;
I.V.;In Vertretung;
i.V.m.;in Verbindung mit;
IVSS;Internationale Vereinigung für soziale Sicherheit;
IWF;Internationaler Währungsfonds;
IZ;Informationszeitung zur Berufswahl für Schüler in Haupt  und Realschulen, in Gesamtschulen sowie in Sonderschulen und für ihre Eltern;
i.Z.m.;im Zusammenhang mit;
;;
;;
J;;
JArbSchG;Gesetz zum Schutze der arbeitenden Jugend;
  Jugendarbeitsschutzgesetz  ;;
JAE-Grenze;Jahresarbeitsentgeltgrenze;
JAV;Jugend  und Auszubildendenvertretung;
JC;Jobcenter;
JF;Jour Fixe;
JGG;Jugendgerichtsgesetz;
JK;Jahreskräfte;
JMD;Jugendmigrationsdienst;
JNAZ;Jahresnettoarbeitszeit;
JOB;JOB-Vermittlung;
JÖSchG;Gesetz zum Schutze der Jugend in der Öffentlichkeit;
  Jugendschutzgesetz  ;;
JSchVO;Jugendschutzverordnung;
JStG;Jahressteuergesetz;
jur.;juristisch;
JURIS;Juristisches Informationssystem des Bundes – Datenbank;
JuSchG                 Jugendschutzgesetz;;
JuSoPro;Sofortprogramm zum Abbau der Jugendarbeitslosigkeit;
JVA;Justizvollzugsanstalt;
JWG;Gesetz für Jugendwohlfahrt;
  Jugendwohlfahrtsgesetz  ;;
;;
;;
K;;
Ka/FE Archiv;Kasse-Forderungseinzug einschließlich Archiv;
KAO;Kassenanordnung;
Kap.;Kapitel;
KAUSA;Koordinierungsstelle Ausbildung in ausländischen Unternehmen;
KAV;Kindergeldauszahlungs-Verordnung;
KAZE;Kassenzeichen;
KBA;Kraftfahrt-Bundesamt   BMVBW  ;
KBest;Bestimmungen über das Kassen  und Rechnungswesen bei der BA;
KBSt;Koordinierungs  und Beratungs-stelle der Bundesregierung für die Anwendung der EDV in der Bundesverwaltung;
KCC;Kompetenz-Center-CANS;
KD;Künstlerdienst ;
#NAME?;;
Kd.;Kunde/in;
KdU;Kosten der Unterkunft;
KermiT;Kostenerfassung mit TN-Planning;
KEZG;Kindererziehungszuschlagsgesetz;
KF;Konstruktionsfläche;
KFA;Kommunaler Finanzierungsanteil an dem Verwaltungsaufwand (SGBII);
KfSachvG;Gesetz über amtlich anerkannte Sachverständige und amtlich anerkannte Prüfer für den Kraftfahrzeugverkehr;
KfW;Kreditanstalt für Wiederaufbau   BMF  ;
KG;Kindergeld;
KGS;Kostengrundsätze;
KGSt;Kommunale Gemeinschaftsstelle für Verwaltungsmanagement;
KGZ;Kindergeldzuschlag;
K-HB;Korrespondenzhandbuch;
KHV;Kommunikationshilfeverordnung;
KinO                     Kindergeld Online (onlinebasierte Antragstellung) ;;
KIWI                     Kindergeld Windows Implementierung (Programmersatz für CoLeiKG AA);;
KiZ;Kinderzuschlag;
KJC                      Kooperatives Jobcenter;;
KJHG;Kinder- und Jugendhilfegesetz;
KK;Krankenkasse;
KKK;Krankenkassen-Kontonummer;
KKNR;Betriebsnummer der für den Beschäftigten zuständigen Krankenkasse;
KKS;Krankenkassenkommunikations-system;
Kl.;Klasse;
KldB;Klassifizierung der Berufe;
KLR;Kosten- und Leistungsrechnung;
KLR-BA;Kosten- und Leistungsrechnung derBA;
KMBA;Katholisches Militärbischofsamt   BMVg  ;
KMK;Kultusministerkonferenz;
KODE®;Kompetenz-Diagnostik und -Entwicklung;
Komm.;Kommentar;
Komm.SpV;Kommunale Spitzenverbände;
komtrZv;Kommunalträger-Zulassungsverordnung nach dem SGB II;
KoopA ADV;Kooperationsausschuss ADV Bund/ Länder/kommunaler Bereich;
KostO;Kostenordnung;
KoRe;Kostenrechnung;
KPB                      Kriminalitätsprävention und -bekämpfung (IntRev);;
Kr.;Kreis;
krfr.;kreisfrei;
KRG;Kontrollratsgesetz;
;Krankengeld;
KRM;Kundenreaktionsmanagement;
KSchG;Kündigungsschutzgesetz;
KStG;Körperschaftssteuergesetz;
kT                         kommunaler Träger;;
Kug;Kurzarbeitergeld;
KuZ;Kundenzentrum;
KuP;Kundenportal;
KURSNET;Netzwerk für berufliche Aus- und Weiterbildung;
KURS;Netzwerk für berufliche Aus- und Weiterbildung(alte Wortmarke);
KV;Krankenversicherung;
KV;Künstlervermittlung;
KVÄG;Gesetz zur Weiterentwicklung des Rechts der gesetzlichen Krankenversicherung   Krankenversicherungs-änderungsgesetz  ;
KVdA;Krankenversicherung der Arbeitslosen;
KVdR;Gesetz über Änderungen und Ergänzungen von Vorschriften des Zweiten Buches der Reichsversicherungsordnung ;
  Gesetz über Krankenversicherung der Rentner  ;;
KVM-Bau;Kostenvoranmeldung-Bau;
KVNG;Krankenversicherungs-Neuregelungsgesetz;
KVP;Kontinuierlicher Verbesserungsprozess;
Kv-pflichtig;krankenversicherungspflichtig;
kw;künftig wegfallend;
KW;Kalenderwoche;
k.w.V.;keine weitere Veranlassung;
Kzl.;Kanzlei;
;;
;;
L;;
L;Leistung;
LA;Leistungsakte;
LA                         Lenkungsausschuss;;
LAG;Landesarbeitsgericht;
LAG;Gesetz über den Lastenausgleich;
  Lastenausgleichsgesetz  ;;
LAN;Local Area Network (Lokales Netzwerk);
LAP-gehD-BA;Verordnung über die Laufbahn-, Ausbildungs- und Prüfung für den ;
;gehobenen nichttechnischen Dienst in der Bundesagentur für Arbeit;
LAusglTV;Lohnausgleichstarifvertrag;
LAV;Lohnabzugsverordnung;
LB;Leitungsbesprechung;
LBA;Luftfahrt-Bundesamt - BMVBW  ;
LBesG;Landesbesoldungsgesetz;
LBG;Landesbeamtengesetz;
LBO;Landesbauordnung;
LCF;Leiter Controlling/Finanzen;
LE;Leistungsempfänger;
LED;Leistungsempfänger-Datei;
LED-BS;Leistungsempfänger-Datei(üb.Bildschirm);
LEDI;Leistungs- und Entwicklungsdialog;
LeKo;Leistungs- und Kompetenzbeurteilung für Auszubildende in der BA;
LG;Landgericht;
LGr;Leistungsgruppe;
LGV;Lehrgangsverwaltungssystem;
LHO;Landeshaushaltsordnung;
LI;Leiter Infrastruktur;
LIS;Leistungs-Informations-Service;
LitDokAB;Literaturdokumentation zur Arbeitsmarkt- und Berufsforschung;
LitDokAB S;Literaturdokumentation zur Arbeitsmarkt- und Berufsforschung   themenorientierte Sonderhefte  ;
Lit.Nachw.;Literaturnachweis;
LKR;Lieferkoordinierungsrichtlinie;
Lkrs.;Landkreis;
LohnGr;Lohngruppe;
LohnpfVO;Lohnpfändungsverordnung;
LP;Leiter Personal;
LPersA;Landespersonalamt, Landespersonalausschuss;
LRA;Lokale Registrierungsstelle;
LReg.;Landesregierung;
LSG;Landessozialgericht;
LSP;Leitsätze für die Preisermittlung auf Grund von Selbstkosten;
LStDV;Lohnsteuer-Durchführungsverordnung;
LStK;Lohnsteuerkarte;
LStR;Lohnsteuer-Richtlinien;
LT;Landtag;
LtdMedDir/in;Leitende/r Medizinaldirektor/in;
LtdVDir/in;Leitende/r Verwaltungsdirektor/in;
LtdWDir/in;Leitende/r Wissenschaftliche/r;
Direktor/in;;
Ltr/in;Leiter/in;
LTV;Lohntarifvertrag;
LV;Landesverband;
LVA;Landesversicherungsanstalt;
LVerf.;Landesverfassung;
LVO;Leistungsentgeltverordnung;
LwKK;Landwirtschaftliche Kranken-kassen;
LZB;Landeszentralbank;
;;
;;
M;;
M 0                       Matchingstrategie 0;;
M1bisM4;Matchingstrategie 1bis4;
MA;;   Mitarbeiter/in
M.A.;;   Master of Arts
MAE;;   Mehraufwandsentschädigung
MAG;Mitarbeitergespräch;
MAG;Maßnahmen bei einem Arbeitgeber;
MAGB;Mitarbeiterbeurteilungsgespräch;
MAK-Werte;Maximale Arbeitsplatzkonzentrationswerte;
MAK;Maximale Arbeitskapazität (eine Vollzeitkraft);
MAP;;  Mobiler Arbeitsplatz
MaßnV;Maßnahmenverordnung;
MAT;Maßnahmen bei einem Träger;
MatAB;Materialien aus der Arbeitsmarkt  und Berufsforschung;
MAZ;Magnetische Bild  und Tonträger;
MAZ;Meldung von Ausfallzeiten;
MB;Magnetband;
;Mehrbedarf;
MBE;Migrationsberatungsstelle für ;
;erwachsene Zuwanderer;
MB-ESF;Mittelbewirtschaftung Europäischer Sozialfonds;
mD,mittlD;mittlerer Dienst;
MdA;Maßnahmen der Arbeitsberatung^^;
MdB;Mitglied des Bundestages;
MdBG;Mitglied der Bedarfsgemeinschaft;
m.d.B.u.;mit der Bitte um;
MDC;Stiftung Max-Delbrück für Molekulare Medizin - BMBF -;
MdE;Minderung der Erwerbsfähigkeit;
MdEP;Mitglied des Europäischen Parlaments;
MdL;Mitglied des Landtages;
m.d.W.b.;mit der Wahrnehmung beauftragt;
m.d.W.d.G.b.;mit der Wahrnehmung der Geschäfte beauftragt;
MedDir/in;Medizinaldirektor/in;
MedOR/in;Medizinaloberrat/rätin;
MedR/in;Medizinalrat/rätin;
MF;Mikrofiche(s);
MG AA;Mitglied der Geschäftsführung einer Agentur für Arbeit ;
MG RD;Mitglied der Geschäftsführung einer Regionaldirektion der Bundesagentur für Arbeit;
MiLoG;Mindestlohngesetz;
Min.;Minister(ium);
MinBl.;Ministerialblatt;
MinBlFin.;Ministerialblatt des Bundesministers der Finanzen;
MiStra;Anordnung über Mitteilungen in Strafsachen;
MitbestG;Gesetz über die Mitbestimmung der Arbeitnehmer in den Aufsichtsräten und Vorständen der Unternehmen des Bergbaues und der eisen  und stahlerzeugenden Industrie ;
  Mitbestimmungsgesetz  ;;
Mitt.;Mitteilung(en);
MittAB;Mitteilungen aus der Arbeitsmarkt  und Berufsforschung;
MittBl.;Mitteilungsblatt;
MK;Marktkunde;
MK;Mitlaufkarte;
MK;Monatskräfte;
MKZ;Mehrkostenzuschuss;
Mob;Örtliche und zeitliche Mobilität;
MOBI;Mobilitätshilfen;
MOBIS;mobile Berufsinformationsstelle;
MODEX;Mitarbeiter- und Organisationsdaten in Exchange;
MOES;Mittel-Ost-Europäische Staaten;
MOT;Testserie für Abiturienten und Hochschüler;
MP;Magnetplatte;
MPM;Maschinelle Programm-Mitteilung;
MPST;Magnetplattensteuerung;
MRK;Europäische Konvention zum Schutze der Menschenrechte und Grundfreiheiten;
mtl.;monatlich;
M&I;Markt und Integration;
MUK                      Minderjähriges, unverheiratetes Kind;;
MuSchG;Gesetz zum Schutze der erwerbstätigen Mütter   Mutterschutzgesetz  ;
MuSchV;Verordnung über den Mutterschutz für Beamtinnen ;
  Mutterschutzverordnung  ;;
MusStiftPT;Museumsstiftung Post und Telekommunikation   BMF  ;
MUV;Montanunionvertrag;
MV;Mitteilungsverordnung;
;Meldeversäumnis;
MVergV;Verordnung über die Gewährung von Mehrarbeitsvergütung für Beamte;
MW;Mietwohnung(en);
MWB;Mietwohnungsbestimmungen der BA;
MwSt.;Mehrwertsteuer;
MWV;Mietwohnungsvorschriften;
;;
;;
N;;
N;Nord;
NABA;Nachbarschaftsanbindung für die Abt. BB;
NACE;Allgemeine Systematik der Wirtschafts¬zweige in den Europäischen Gemein¬schaften des Statistischen Amtes der Europäischen Gemeinschaften;
Nachr.;Nachrichten;
NADIS;Netzanbindung Dezentraler Informationssysteme;
NAG;Gesetz über die Notaufnahme von Deutschen in das Bundesgebiet;
  Notaufnahmegesetz  ;;
NamÄndG;Gesetz über die Änderung von Familiennamen und Vornamen   Namensänderungsgesetz  ;
NBestBau;Baufachliche Nebenbestimmungen   Anlage 1 ZBau  ;
NBL;Neue Bundesländer;
NCU;Nationale Koordinierungsstelle Leonardo da Vinci (National Coordination Unit);
NEhelG;Gesetz über die rechtliche Stellung der nichtehelichen Kinder;
NeutrA;Neutralitäts-Anordnung;
n.F.;neue Fassung;
NF;Nutzfläche;
NfD;nur für den Dienstgebrauch;
NFQ;Nicht-Formal-Qualifizierter;
NGF;Nettogrundrißfläche;
NKS;Nationale Koordinierungsstelle;
NKU;Nutzen-Kosten-Untersuchungen;
NMV;Neubaumietenverordnung;
N.N.;Nomen nescio (Name unbekannt);
NNF;Nebennutzfläche;
NOV;Verordnung über die Nachbarorte ;
  Nachbarortsverordnung  ;;
n.R.;nach Rückkehr vorlegen;
NRW;Nordrhein-Westfalen;
NSB;Niedersachsen-Bremen;
nv;nicht verheiratet;
NV;Nebenverdienst;
NWA;Notstandsarbeiten im Rahmen der wertschaffenden Arbeitslosenhilfe;
NWK;Nachwuchskräfte;
NWR;Netzwerkraum;
NZ;Namenszeichen;
;;
;;
O;;
O;Ordnung;
OAGeh/in;Oberamtsgehilfe/in;
OAM/in;Oberamtsmeister/in;
OAW;Ortsabwesenheit;
OBA;Oberbundesanwalt beim Bundesverwaltungsgericht   BMI  ;
ObBBeh.;Oberste Bundesbehörde;
ObDBeh.;Oberste Dienstbehörde;
OBE;Online-Booking-Engine;
OBG;Oberstes Bundesgericht;
OBS;Otto Benecke Stiftung e.V. – BMFSFJ -;
OD;Ortsdatei;
ODir/in;Oberdirektor/in bei der Zentrale (überholt);
OECD ;Organisation für wirtschaftliche Zusammenarbeit und Entwicklung;
OECE/OEEC;Organisation für wirtschaftliche Zusammenarbeit – Europäischer Wirtschaftsrat ;
öff.D.;Öffentlicher Dienst;
OEH                      Organisationseinheit (in FINAS- XP);;
OFD;;   Oberfinanzdirektion – BMF -
OFH;Oberster Finanzgerichtshof;
OFK;Obere Führungskräfte;
ofW;ohne festen Wohnsitz;
OGP;Organisations- und Geschäftsverteilungsplan;
OGr;Obergruppe;
OI;Organisation und Informationsverarbeitung;
OIV;Optimierung der internen Verwaltung;
OK;Optierende Kommune;
OLG;Oberlandesgericht;
OPA;Oberprüfungsamt für die höheren technischen Verwaltungsbeamten   BMVBW  ;
opDs;operativer Datensatz;
OPOCE;Amt für amtliche Veröffentlichungen der europäischen Gemeinschaften;
OPS                      Operational Service;;
Optical Filing ;Schriftgutverwaltung auf der Basis ;
(OFR-X);elektro-optischer Speicher;
OrgZ;Organisationszeichen;
OS;Operative Steuerung;
OS;Operativer Service;
OTI;Oberste Technische Instanz;
OvBSt;Otto-von-Bismarck-Stiftung   BKM  ;
OVG;Oberverwaltungsgericht;
o.V.i.A.;oder Vertreter im Amt (dienstlich nur für Verschlußsachen zu verwenden);
OVP;Operativer Verbesserungsprozess;
OWA;Outlook Web Access;
OWi;Ordnungswidrigkeit;
OWiG;Gesetz über Ordnungswidrigkeiten;
OZ;Ortszuschlag;
;;
P;;
P;Poststelle;
P;Personal;
P3B;Produktkatalog, baches und bub ;
PA;Personalakte;
PA;Personalausweis;
PAB ;Prüfungsamt des Bundes – BRH –;
pAp;persönlicher Ansprechpartner;
PA-RL;Personalaktenrichtlinie der BA;
PAS;Personalabrechnungssystem;
PAS-D;Personalabrechnungssystem-Dezentral;
PAV;Private Arbeitsvermittlung/Privater Arbeitsvermittler;
PB;Programmberater;
PB;Psychologische Beratung;
PB                         Personalberater/in;;
PBAR;Zahlungsweg Zahlungsanweisung (Postbar) mit Kostenabzug gem.;
§ 337 SGB III ;;
PBeg;Psychologische Begutachtung;
PC;Personal-Computer;
PDL;Private Personaldienstleister;
PE;Personalentwicklung;
PEB;Personalentwicklungsberater;
PEB-RL;Personalentwicklungs- und Beurteilungsrichtlinien;
PEI;Paul-Ehrlich-Institut – Bundesamt für Sera und Impfstoffe –BMG -;
PEK;Personalentwicklungskonferenz;
PEP;"Public-E-Procurement (Public electronic Procurement; elektronisches Bestell- und Materialwirtschaftssystem)";
PeP SRM             PeP-Supplier-Relationship-Management (elektronisches Bestell- und Materialwirtschaftssystem;;
PersV;Personalvertretung;
PESO;Personalentwicklungs-Software;
PFE                       Psychologische Forschung und Entwicklung;;
PFF                       Psychologische Fach- und    Fallarbeit;;
PflegeVG;Pflegeversicherungsgesetz;
PG;Projektgruppe;
;Psychologisches Gutachten;
PGA;Personalgrundakte;
PH;Pädagogische Hochschule;
PHB;Prozesshandbuch für  Neuorganisation SGB II;
PHH;Personalhaushalt;
PIN;Personal Identification Number;
PIngUIn;Projekt “Interne ganzheitliche Unterstützung zur Integration im SGB III”;
PK;Personalkosten;
PKI;Public Key Infrastructure;
PKZ;Prozesskennzahl                         ;
PL;Projektleiter;
PLV                      Produktlinienverantwortliche/r (FBA);;
PLA                       Projektlenkungsausschuss;;
PM;Projektmanagement;
PM;Prüfungsmitteilung;
PMO;Project Management Office=Projektbüro;
PN                        Privilegierter Nutzer (in FINAS-XP);;
PNA;Personalnebenakte;
PO-AEV-BA;Prüfungsordnung zur Durchführung von Prüfungen in der BA zum Nachweis berufs  und arbeits¬pädagogischer Kenntnisse;
PO-Auszu-;Prüfungsordnung für die Durch-;
bildende;führung von Zwischen  und Abschlussprüfungen im Ausbildungsberuf „Fachangestellte/r  für Arbeitsförderung;
Pos.;Position;
POZ                      Personal Online Zentral;;
PP;Produkte und Programme;
PPla;Personalplanung;
PP-Tools              Produkt- und Programm-Tools;;
PR;Personalrat;
PR;Public Relations ;
#NAME?;;
Präs.;Präsident(in);
PraRi-BA;Richtlinien für die Beschäftigung von Praktikanten und Praktikantinnen bei den Dienststellen der BA;
PRL BA;Planungsrichtlinien der BA;
PRÖ;Presse  und Öffentlichkeitsarbeit;
Prof./in;Professor/in;
Pro-IAB;Projektmitarbeiter/innen des IAB in Stützpunktagenturen;
Prot.;Protokoll;
PRZ;Produktionsrechenzentrum;
PS;Pressesprecher/in;
PSA;Personal-Service-Agentur;
PStG;Personenstandsgesetz;
Psych./in;Psychologe/in,Psychologie;
PTA;Personalteilakte;
PTA.B;Personalteilakte Beschwerden,Abmahnungen,MiStra;
PTA-Bei;Personalteilakte Beihilfen;
PTA-Bez;Personalteilakte Bezüge;
PTA-D;Personalteilakte Disziplinarmaßnahmen;
PTA-FD/A;Personalteilakte Früherer Dienstherr/Arbeitgeber;
PTA-H;Personalteilakte Heilverfahren;
PTA-PE;Personalteilakte Personalentwicklung;
PTA-Ü;Personalteilakte Überprüfung durch die Personalgutachter gruppe bzw.die/den Bundesbeauftragte/n für die Unterlagen des Staatssicherheitsdienstes der ehemaligen DDR;
PTA-UvB;Personalteilakte Unterlagen von vorübergehender Bedeutung;
PTA-V;Personalteilakte Versorgung;
PTA-VA;Personalteilakte Versorgungsausgleich;
PTB;Physikalisch-Technische Bundesanstalt   BMWi –;
PUK;Personal Unblocking Key;
PV;Pflegeversicherung;
PWF;Produktive Winterbauförderung;
PZA;Postzustellungsurkunde;
PZZV;Zahlungsweg Zahlungsanweisung zur Verrechnung mit Kostenabzug gem. § 337 SGB III;
Q;;
QbM;Qualifizierung behinderter Menschen;
QuintAB;Quintessenzen aus der Arbeitsmarkt  und Berufsforschung;
;;
;;
R;;
RAG;Gesetz über die Anpassung der Renten aus den gesetzlichen Rentenversicherun¬gen sowie über die Anpassung der Geld-leistungen aus der gesetzlichen Unfall¬versicherung;
- Rentenanpassungsgesetz -;;
RAL;Ausschuss für Lieferbedingungen und Gütesicherung beim Deutschen Normenausschuss;
RaLAPO-gehD;Rahmen – Laufbahn-, Ausbildungs- und Prüfungsordnung für die Laufbahnen des gehobenen Dienstes in der Bundesverwaltung;
RAnO;Rechtsanordnung;
Raubpl.;Raumbedarfsplan;
RAZ;Rentenanrechungszeit;
RBBau;Richtlinien für die Durchführung von Bauaufgaben des Bundes im Zuständigkeitsbereich der Finanzbauverwaltung;
RBS;Rechnungsbearbeitungsstelle;
RC;Regionalcontroller;
RD;Regionaldirektion der Bundesagentur für Arbeit;
RD BB;Regionaldirektion Berlin-Brandenburg;
RD BW;Regionaldirektion Baden-Württemberg;
RD BY;Regionaldirektion Bayern;
RDG;Gesetz über außergerichtliche Rechtsdienstleistungen - Rechtsdienstleistungsgesetz;
RD H;Regionaldirektion Hessen;
RD N;Regionaldirektion Nord;
RD NRW;Regionaldirektion Nordrhein-Westfalen;
RD NSB;Regionaldirektion Niedersachsen-Bremen;
RD RPS;Regionaldirektion Rheinland-Pfalz-Saarland;
RD S;Regionaldirektion Sachsen;
RD SAT;Regionaldirektion Sachsen-Anhalt-Thüringen;
RdErl;Runderlass (überholt);
RdNr.;Randnummer;
RdSchr;Rundschreiben;
RdVfg;Rundverfügung;
RechtsVO;Rechtsverordnung;
Ref.;Referendar/in;
Ref.;Referat;
Ref.;Referent/in;
RFB;Rechtsfolgebelehrung;
RefLtr/in;Referatsleiter/in;
Reformgesetz;Gesetz zur Reform des öffentlichen Dienstrechts;
Reg.;Registratur;
RegBez.;Regierungsbezirk;
RegBl.;Regierungsblatt;
RegEntw.;Regierungsentwurf;
Reg TP;Regulierungsbehörde für Telekommunikation und Post - BMWi -;
Reha;Rehabilitation;
RehaAnglG;Gesetz über die Angleichung der Leistungen zur Rehabilitation;
REZ                      Regionales Einkaufszentrum;;
RfC                       Request for Change;;
RF IAB;Regionalforschung des IAB;
rhgf.;ruhegehaltfähig;
RHilfeG;Gesetz über die innerdeutsche Rechts  und Amtshilfe in Strafsachen;
RIS                       Regionaler Infrastruktur-Service;;
RITS;Regionaler IT-Service;
RITS-SV;IT-Sicherheitsverantwortliche/r im Regionalen IT-Service;
RK;Rechtskreis;
RK;Reisekosten;
RKI;Robert Koch-Institut   BMG  ;
RKV;Reisekostenvergütung;
RKW;Rationalisierungskuratorium der deutschen Wirtschaft;
rkr.;rechtskräftig;
RL;Richtlinie(n);
RL;Richtlinien der Innenrevision in der BA;
RL BMBF;Richtlinien des Bundesministers für Bildung und Forschung zur Förderung überbetrieblicher Ausbildungsstätten;
RL IntRev BA        Richtlinien des Vorstands für die Interne Revision der BA;;
RLV;Richtlinien des Vorstands für die Führung der Geschäfte durch den Präsidenten der BA;
RLVW;Richtlinien für das Vorschlagwesen der BA;
ROG;Raumordnungsgesetz ;
RP;Reisepass;
RPS;Rheinland-Pfalz-Saarland;
RRG;Rentenreformgesetz;
Rspr.;Rechtsprechung;
RTA;Ressorttarifausschuss;
RTU;Handbuch des Dienstrechts, Teil IV, Reisekostenvergütung, Trennungsgeld, Umzugskostenvergütung;
RUBIN;Rechnerunterstütztes Berufsinformationssystem;
RückHG;Rückkehrhilfegesetz;
RuStAG;Reichs  und Staatsangehörigkeitsgesetz;
RV;Rentenversicherung;
RVG;Gesetz über die Vergütung der Rechtanwälte(innen) - Rechtsanwaltsvergütungsgesetz;
RVT;Rentenversicherungsträger;
RVwV;Verwaltungsvorschriften über das Rechnungswesen bei den Trägern der Sozialen Krankenversicherung;
RWG;Gesetz über die Gemeinschaftsaufgabe „Verbesserung der regionalen Wirtschaftsstruktur“;
Rz.;Randziffer;
RZ;Rechenzentrum;
;;
;;
S;;
S;Sachsen;
SachbezV;Sachbezugsverordnung;
S/Agk;Stellenangebot/Arbeitgeberkarte;
Saison-Kug;Saison-Kurzarbeitergeld;
SAM;Strukturanpassungsmaßnahmen;
SAM OfW;Strukturanpassungsmaßnahmen Ost für Wirtschaftsunternehmen;
SAT;Sachsen-Anhalt -Thüringen;
Sb;Schwerbehinderter Mensch;
SB                         Datenverarbeitungsverfahren Sachbuch;;
SB/AOB;Sachbearbeiter/Anordnungs-befugter;
SBBPK;Staatsbibliothek zu Berlin   Preußischer Kulturbesitz     BKM  ;
SbV;Schwerbehindertenvertretung;
SC;Service-Center;
SchBhR;Schulbeihilferichtlinien;
ScheckG;Scheckgesetz;
SCHUFA;Schutzgemeinschaft für allgemeine Kreditsicherung GmbH;
SchwbBAG;Gesetz zur Bekämpfung der Arbeitslosigkeit Schwerbehinderter;
SchwbG;Gesetz zur Sicherung der Eingliederung Schwerbehinderter in Arbeit, Beruf und Gesellschaft   Schwerbehindertengesetz  ;
SchwbAV;Schwerbehinderten-Ausgleichsabgabeverordnung;
SchwbAwV;Schwerbehindertenausweisverordnung;
SchwbWO;Wahlordnung Schwerbehindertengesetz;
SchwbWV;Werkstättenverordnung Schwerbehindertengesetz;
SCM;Supply Chain Management=Steuerung der gesamten Wertschöpfungskette, v.Hersteller üb.alle Zwischenstufen bis zum Endkunden;
SDB;Schulungsdatenbank;
SE;Senatsentscheidung;
SekG;Sekundierungsgesetz;
SEM                      Service Management;;
SFBT;Studienfeldbezogene Beratungs-;
                              tests;;
SfP;Stellen für Plankräfte;
SfU;Service für Unternehmer;
SG;Gesetz über die Rechtsstellung der Soldaten ;
  Soldatengesetz  ;;
SG;Sozialgericht;
SGB;Sozialgesetzbuch;
SGB I;Sozialgesetzbuch   Erstes Buch   Allgemeiner Teil;
SGB II;Sozialgesetzbuch – Zweites Buch – Grundsicherung für Arbeitsuchende-;
SGB III;Sozialgesetzbuch   Drittes Buch   Arbeitsförderung;
SGB IV;Sozialgesetzbuch   Viertes Buch   Gemeinsame Vorschriften für die Sozialversicherung;
SGB V;Sozialgesetzbuch   Fünftes Buch   Gesetzliche Krankenversicherung;
SGB VI;Sozialgesetzbuch   Sechstes Buch   Gesetzliche Rentenversicherung;
SGB VII;Sozialgesetzbuch   Siebtes Buch   Gesetzliche Unfallversicherung ;
SGB VIII;Sozialgesetzbuch   Achtes Buch   Kinder- und Jugendhilfe;
SGB IX;Sozialgesetzbuch – Neuntes Buch ;
;Rehabilitation und Teilhabe behinderter Menschen;
SGB X;Sozialgesetzbuch   Zehntes Buch   Verwaltungsverfahren;
SGB  XI;Sozialgesetzbuch   Elftes Buch   Soziale Pflegeversicherung;
SGF                      strategisches Geschäftsfeld;;
SGG;Sozialgerichtsgesetz;
SHG;Soforthilfegesetz;
SHT;Sozialhilfeträger;
SI;Stelleninformation (jetzt Jobbörse);
SIE;Selbstinformationseinrichtung;
SigG;Signaturgesetz;
SigV;Signaturverordnung;
SIMBA;Simulationsmodell für den Haushalt der BA;
SIMPK;Staatliches Institut für Musikforschung   Preußischer Kulturbesitz     BKM  ;
SK;Satzkennzeichen im Rahmen des integrierten Meldeverfahrens zur Sozialversicherung;
SK;Sachkosten;
SL                         Suchlauf, Stellenangebot;;
SLA;Service Level Agreement;
SMBPK;Staatliche Museen zu Berlin   Preußischer Kulturbesitz   BKM  ;
SOA;Serviceorientierte Architektur;
SOB;Standortbestimmung;
SOLIS;Sozialwissenschaftliche Datenbank;
SozhiDAV;Sozialhilfedatenabgleichs-verordnung;
SozR;Sozialrecht - Entscheidungs-;
sammlung;;
SozVersAnpG;Sozialversicherungs-anpassungsgesetz;
SparPG;Spar-Prämiengesetz;
SPEZ.AM-BED;Dimens:Spezifische Arbeitsmarktbedingungen;
SPK;Stiftung Preußischer Kulturbesitz – BKM –;
SPOC                   Single Point of Contact;;
SPR;Sofortprogramm-Richtlinien;
SprachFV;Sprachförderungsverordnung;
SprachFVbg;   Sprachförderungsvereinbarung;
SPU;                Software-Produktions-Umgebung;
SR;                Steuerung Regionaldirektionen;
SRN;Service Rufnummer;
StA;Staatsanwaltschaft;
StA;Standardabweichung;
StAnpG;Steueranpassungsgesetz;
StAnz;Staatsanzeiger;
StARegG;Gesetz zur Regelung von Fragen der Staatsangehörigkeit;
STATIS;Statistisches Informationssystem;
StatRegG;Statistikregistergesetz;
StBA;Statistisches Bundesamt   BMI  ;
StBauFG;Gesetz über Städtebauliche Sanierungs Entwicklungsmaßnahmen in Gemeinden   Städtebauförderungsgesetz  ;
StBGebV;Steuerberatergebührenverordnung;
StBKAH;Stiftung Bundeskanzler-Adenauer-Haus   BKM  ;
StBTHH;Stiftung Bundespräsident-Theodor-Heuss-Haus   BKM  ;
SteA;Stellenangebot;
SteA-Info;Stellenangebots-Information;
SteKa;Kartei über Stellen für Plankräfte;
Stellv.;Stellvertreter/in;
STEP;Stammdatenerfassungs- und -pflegesystem;
STEP-PLUS;Systematisches Trainings- und Erkundungsprogramm (Selbsterkundungsprogramm zur Berufsfindung für Haupt  und Realschüler mit „systematischer Auswertung eines Einsendebogens durch Computer“);
Steuer-ID;Steuer-Identifikationsnummer;
StFG;Gesetz über Straffreiheit   Straffreiheitsgesetz  ;
StGB;Strafgesetzbuch;
StLA;Statistisches Landesamt;
StO;Standort;
StPO;Strafprozeßordnung;
StrÄndG;Strafrechtsänderungsgesetz;
StReg;Staatsregierung;
StRegBek;Bekanntmachung der Behörden und Stellen, denen Auskunft aus dem Strafregister zu erteilen ist;
StRegG;Gesetz über beschränkte Auskunft aus dem Strafregister und Tilgung von Strafvermerken;
StRFEG;Stiftung Reichspräsident-Friedrich-Ebert-Gedenkstätte   BK  ;
StrRG;Gesetz zur Reform des Strafrechts;
st.Rspr.;ständige Rechtsprechung;
StrTilgG;Straftilgungsgesetz;
StuB;Studien  und Berufswahl;
StUG;Gesetz über die Unterlagen des Staatssicherheitsdienstes der Deutschen Demokratischen Republik ;
  Stasi-Unterlagen-Gesetz  ;;
StVG;Straßenverkehrsgesetz;
STVO;Straßenverkehrsordnung;
STVollzG;Strafvollzugsgesetz;
StVZO;Straßenverkehrs-Zulassungsordnung;
StWG;Gesetz zur Förderung der Stabilität und des Wachstums der Wirtschaft;
SubvG;Subventionsgesetz;
SUrlV;Verordnung über den Sonderurlaub für Bundesbeamtinnen,Bundesbeamte,Richterinnen und Richter des Bundes;
#NAME?;;
SV;Selbstverwaltung;
SV;Sozialversicherung;
SVA;Sozialversicherungsausweis;
SVAG;Gesetz zur Einführung eines Sozialversicherungsausweises und zur Änderung anderer Sozialgesetze   Sozialversicherungsausweis-gesetz  ;
SVBG;Gesetz über die Sozialversicherung Behinderter in geschützten Einrichtungen;
SVG;Gesetz über die Versorgung für die ehemaligen Soldaten der Bundeswehr und ihre Hinterbliebenen   Soldatenversorgungsgesetz  ;
SVG-DDR;Gesetz über die Sozialversicherung der  Deutschen Demokratischen Republik;
SVO-DDR;Verordnung zur Sozialpflichtver-sicherung der Arbeiter und Angestellten der Deutschen Demokratischen Republik;
SVP;Sozialversicherungspflicht;
SVwG;Gesetz über die Selbstverwaltung auf dem Gebiet der Sozialversicherung;
  Selbstverwaltungsgesetz  ;;
SWL;Sonstige Weitere Leistungen nach SGB II;
SWOT(-Analyse);engl. Akronym f.Strenghts,Weaknesses,Opportunities u.Threats=Stärken-Schwächen-/Chancen-Risiko-Analyse;
SWP;Stiftung Wissenschaft und Politik   BK  ;
;;
T;;
TA/in;Teamassistent/in;
TB;Technische/r Berater/in;
TBD;Technischer Beratungsdienst;
TC;Terminal-Computer;
TdL;Tarifgemeinschaft deutscher Länder;
TE;Tätigkeitsebene;
TEC                      Technical Service;;
Teil-Alg;Teilarbeitslosengeld;
;;
Teil-Übg;Teilübergangsgeld;
TG;Trennungsgeld;
Tgr.;Titelgruppe;
TGV;Verordnung über das Trennungsgeld bei Versetzungen und Abordnungen im Inland   Trennungsgeldverordnung  ;
TH;Technische Hochschule;
THW;Bundesanstalt Technisches Hilfswerk   BMI  ;
tip;testen, informieren, probieren (Lehrgang);
Tit.;Titel;
TK;Teilnahmekosten;
TKG;Telekommunikationsgesetz;
TL;Teamleiter/in;
TL;Transferleistungen;
TM;Trainingsmaßnahme;
TN                          Teilnehmer/in;;
TO;Tagesordnung;
TOP;Tagesordnungspunkt;
TP;Teilprojekt;
TPB;Tagespendelbereich;
TPL                        Teilprojektleiter;;
Transfer-Kug;Transfer-Kurzarbeitergeld;
TSB;Telefon-Service-Berater/-in;
TT;Angaben zur Tätigkeit im Rahmen des integrierten Meldeverfahrens zur Sozialversicherung;
TU                         Trainerunterlage;;
TuK;Tätigkeits- und Kompetenzprofil;
TV;Tarifvertrag/-verträge;
TVAfr;Technische Verwaltungsamtfrau;
TVAm/in;Technischer Verwaltungsamtmann/frau;
TVAR/in;Technische(r) Verwaltungsamtsrat/in;
TV Atz-BA;Tarifvertrag zur Regelung der Altersteilzeit in der Bundesagentur für Arbeit;
TV-BA;Tarifvertrag für die Arbeitnehmerinnen und Arbeitnehmer der Bundesagentur für Arbeit;
TVG;Tarifvertragsgesetz;
TVIS;Test-Validierungs- und Informationssystem;
TVN-BA;Tarifvertrag zur Regelung der Rechtsverhältnisse der Nachwuchskräfte der Bundesagentur für Arbeit;
TVöD;Tarifvertrag für den öffentlichen Dienst;
TVÜ-BA;Tarifvertrag zur Überleitung der Arbeitnehmerinnen und Arbeitnehmer der BA in den TV-BA und zur Regelung des Übergangsrechts;
TZ;Teilzeit;
TzBfG;Teilzeit- und Befristungsgesetz;
;;
;;
U;;
U;Urlaub;
UBA;Umweltbundesamt   BMU  ;
UBV;Unterstützung der Beratung und Vermittlung;
UE;Unterrichtseinheit;
Ü I;Überlegungen zu einer vorausschauenden Arbeitsmarktpolitik;
Ü II;Überlegungen II zu einer vorausschauenden Arbeitsmarktpolitik;
Übg;Übergangsgeld;
Üg;Überbrückungsgeld zur Förderung der Aufnahme einer selbständigen Tätigkeit;
ÜlG;Überleitungsgesetz;
üpl.;überplanmäßig;
u.F.;ursprüngliche Fassung;
UFAB;Unterlagen für Ausschreibung und Bewertung von DV-Leistungen für die Bundesverwaltung;
UFZ;UFZ - Umweltforschungszentrum Leipzig-Halle GmbH - BMBF -;
UGr;Unterstützungsgrundsätze;
UHD                      User Help Desk;;
Uhg;Unterhaltsgeld;
UK-Bund;Unfallkasse des Bundes;
                              (Neu ab 01.01.2015 UVB);;
UK PT;Unfallkasse Post und Telekom   BMF  ;
UK-Stellung;Unabkömmlichkeitsstellung;
UKV;Umzugskostenvergütung;
UNESCO;Organisation der Vereinten Nationen für Erziehung, Wissenschaft und Kultur;
UNI;Magazin – Perspektiven für Beruf und Arbeitsmarkt – Zeitschrift für Studierende an Hochschulen und Fachhochschulen;
Unters.;Untersuchung;
UrlGG;Urlaubsgeldgesetz;
UrlVO;Urlaubsverordnung;
Urt.;Urteil;
USG;Gesetz über die Sicherung des Unterhalts der zum Wehrdienst einberufenen Wehrpflichtigen und ihrer Angehörigen   Unterhaltssicherungsgesetz  ;
UStDV;Umsatzsteuer-Durchführungsverordnung;
UStG;Umsatzsteuergesetz;
u.U.;unter Umständen;
UV;Unfallversicherung;
UV;Unternehmerverbände/Unter-nehmensverbände;
UVB                      Unfallversicherung Bund und Bahn;;
UVV;Unfallverhütungsvorschriften;
UWG;Gesetz gegen den unlauteren Wettbewerb;
UZwG;Gesetz über den unmittelbaren Zwang bei Ausübung öffentlicher Gewalt durch Vollzugsbeamte des Bundes;
;;
;;
V;;
V;Verordnung;
V;Vermittlung;
VA;Vorstand Arbeitsmarkt;
VA;Versicherungsamt;
VA;Versorgungsamt;
VA;Verwaltungsakt;
VA;Verwaltungsausschuss;
VA AA;Verwaltungsausschuss der Arbeitsagentur;
VAfr;Verwaltungsamtfrau;
VAM;Virtueller Arbeitsmarkt;
VAm/in;Verwaltungsamtmann/in;
VAnO;Verwaltungsanordnung;
VAR/in;Verwaltungsamtsrat/rätin;
VAssist/in;Verwaltungsassistent/in;
VB;Vermittlungsbudget;
vbba;Vereinigung der Beschäftigten der Berufs- u. Arbeitsmarktdienstleist;
VBD;Verordnung über barrierefreie Dokumente in der Bundesverwaltung;
Vbg.;Vereinbarung;
VBL;Versorgungsanstalt des Bundes und der Länder   BMF  ;
VdAK;Verband der Angestellten-Krankenkassen;
VDB;Veranstaltungsdantenbank;
VDir/in;Verwaltungsdirektor/in;
VDR;Verband Deutscher Rentenversicherungsträger - jetzt DRV;
VDRZ;Verband Deutscher Rechenzentren e.V.;
VE;Verpflichtungsermächtigung;
VM;Vermögen;
VERA;IT-Fachverfahren Arbeitnehmerüberlassung;
VerBIS;Vermittlungs-,Beratungs- und Informationssystem (IT- Fachverfahren);
ver.di;Vereinigte Dienstleistungsgewerkschaft;
VerfGH;Verfassungsgerichtshof;
VergGr;Vergütungsgruppe;
VerglO;Vergleichsordnung;
VermBezV;Verordnung über die leistungsgerechte Bezahlung im Bereich der Vermittlung;
VermBG;Gesetz zur Förderung der Vermögensbildung der Arbeitnehmer ;
  Vermögensbildungsgesetz  ;;
Vers.;Versorgung;
Versamml.G;Gesetz über Versammlungen und Aufzüge ;
  Versammlungsgesetz –;;
VersRücklG;Gesetz über die Versorgungsrücklage des Bundes;
Vertr.;Vertreter, Vertretung;
Verw.;Verwaltung;
Verw.Gem.;Verwaltungsgemeinschaften;
VerwGr.;Verwaltungsgrenzen;
VerwRspr.;Sammlung der Rechtsprechung der Verwaltungsgerichtsbarkeit;
VET;voraussichtlicher Entbindungstermin;
VFB;Vereinbarkeit von Familie und Beruf;
Vfg.;Verfügung;
Vfr;Vertrauensfrau der Schwerbehinderten;
VG;Verwaltungsgericht;
VG;Vorsitzende/r der Geschäftsführung;
Vg.;Vorstellungsgespräch;
VG AA;vorsitzendes Mitglied der Geschäftsführung einer Agentur für Arbeit;
VGH;Verwaltungsgerichtshof;
VGHE;Sammlung von Entscheidungen des Bayer. Verwaltungsgerichtshofs;
VGP;Vorhabengesamtplanung;
VG RD;vorsitzendes Mitglied der Geschäftsführung einer Regionaldirektion der Bundesagentur für Arbeit;
VGS;Vermittlungsgutschein;
v.g.u.;vorgelesen, genehmigt, unterschrieben;
VHB;Vergabehandbuch für die Durchführung von Bauaufgaben des Bundes im Zuständigkeitsbereich der ;
Finanzbauverwaltungen;;
VHB-BA;Vergabehandbuch der BA;
VHS;Verwaltungshauptsekretär;
VI/in;Verwaltungsinspektor/in;
VIA/in;Verwaltungsinspektoranwärter/in;
4PM;4-Phasen-Modell;
VkA;Vereinigung kommunaler Arbeitgeberverbände;
VKA                      Verwaltungskostenabrechnung;;
VKFV;Verwaltungskostenfest-stellungsverordnung;
VMBl.;Ministerialblatt des Bundesministeriums der Verteidigung;
VN;Vereinte Nationen;
VN;Verwendungsnachweis;
VOAR/in;Verwaltungsoberamtsrat/in;
VOB;Verdingungsordnung für Bauleistungen;
VOBl.;Verordnungsblatt;
VOF;Verdingungsordnung für freiberufliche Leistungen;
VOI/in;Verwaltungsoberinspektor/in;
VOL;Verdingungsordnung für Leistungen (ausgenommen Bauleistungen);
VO PR 30/53;Verordnung PR Nr. 30/53 über die Preise bei öffentlichen Aufträgen;
VO PR 1/72;Verordnung PR Nr. 1/72 über die Preise für Bauleistungen bei öffentlichen oder mit öffentlichen Mitteln ;
finanzierten Aufträgen;;
VOR/in;Verwaltungsoberrat/rätin;
Vorg.;Vorgang;
Vorl. VV-BHO;Vorläufige Verwaltungsvorschriften zur Bundeshaushaltsordnung;
Vors.;Vorsitzender;
VOS/in;Verwaltungsobersekretär/in;
VPBO;Veranstaltunsportal Berufsorientierung;
VPF;Verbesserung von Prozess- und;
  Führungsqualität;;
VR;;  Vorstand Regional
VR/in;                Verwaltungsrat/rätin;
VR;Richtlinien für die Gewährung von Vorschüssen in besonderen Fällen   Vorschussrichtlinien  ;
VRG;Vorruhestandsgesetz;
VRspr.;Verwaltungsrechtsprechung;
VRL;Vermittlungsrichtlinien;
VS;Verschlusssache;
VS;Verwaltungssekretär;
VSA;Verschlusssachenanweisung für Bundesbehörden;
VSF;Vorschriftensammlung Bundes-finanzverwaltung;
VSNR;Versicherungsnummer im Rahmen des integrierten Meldeverfahrens zur Sozialversicherung;
VST;Vergabestelle;
VSTR;Rentenversicherungsträger im Rahmen des integrierten Meldeverfahrens zur Sozialversicherung;
VT;Vergleichstyp;
VU25;volljähriges unverheiratetes Kind unter 25 Jahren;
VV;Vorstandsvorsitzender;
VV;Verwaltungsvorschrift(en);
VV;Vermittlungsvorschlag;
Vv;Verwaltungsvereinbarung;
VV-BHO;Verwaltungsvorschriften zur Haushaltssystematik der BA;
VVG;Gesetz über den Versicherungsvertrag-Versicherungsvertragsgesetz-;
VV-HB;Verwaltungsvorschriften zur Haushaltssystematik der BA;
VVO;Vollzugsverordnung;
VW;Vorschlagwesen;
VwGO;Verwaltungsgerichtsordnung;
VwKostG;Verwaltungskostengesetz;
VwPO;Verwaltungsprozessordnung;
VwV;Verwaltungsvorschrift;
VwVereinfSozG;Verwaltungsvereinfachungsgesetz(Gesetz zur Vereinfachung der Verwaltungsverfahren im Sozialrecht);
VwVfG;Verwaltungsverfahrensgesetz;
VwVG;Verwaltungsvollstreckungsgesetz;
VwZG;Verwaltungszustellungsgesetz;
VZ;Verwaltungszentrum;
VZ;Vollzeitstelle, Vollzeitbeschäftigung;
VZ;Volks-, Berufs-, Gebäude- und Wohnungszählung;
;;
W;;
WAbt;Wirtschaftsabteilung;
WAG;Winterausfallgeld;
WBA;Weiterbewilligungsantrag;
WBF;Winterbauförderung;
WBS                     Wohnberechtigungsschein;;
WBT;Web based training (webbasiertes Training, Unterrichtsform);
WDir/in;Wissenschaftliche(r) Direktor/in;
WE;Wiedereingliederung;
WebDAV;Web-based Distributed Authoring and Versioning;
WEG;Gesetz über das Wohneigentum und das Dauerwohnrecht   Wohnungseigentumsgesetz –;
WeGebAU;Weiterbildung Geringqualifizierter und beschäftigter Älterer Arbeitnehmer in Unternehmen (Sonderprogramm 2006);
Wert-R;Werteermittlungsrichtlinien;
WertV;Verordnung über Grundsätze für die Ermittlung des Verkehrswertes von Grundstücken;
WfbM;Werkstatt für behinderte Menschen;
WG;Wintergeld;
WGr;Wirtschaftsgruppe;
WGZ;Wohnungsgeldzuschuss;
WHO;Weltgesundheitsorganisation;
WiBe;Wirtschaftlichkeitsbetrachtung;
WiGBl.;Gesetzblatt der Verwaltung des Vereinigten Wirtschaftsgebiets;
WiSG;Wirtschaftssicherstellungsgesetz;
WK;Weiterbildungskosten;
WKl;Wirtschaftsklasse;
WKÜ;Werkvertragskontingent-überwachung;
WL;Weitere Leistungen;
WLS;Weiterleitungsstelle der Krankenkasse;
WNA;Wasserstraßenneubauamt – BMVBW -;
WoBauG;Zweites Wohnungsbaugesetz   Wohnungsbau- und Familienheimgesetz  ;
WoBewG;Wohnraumbewirtschaftungsgesetz;
WoBindG;Gesetz zur Sicherung der Zweckbestimmung von Sozialwohnungen ;
  Wohnungsbindungsgesetz  ;;
WoGG;Wohngeldgesetz;
WoPG;Wohnungsbau-Prämiengesetz;
WOR/in;Wissenschaftliche(r) Oberrat/in;
WoZG;Wohnortzuweisungsgesetz;
WPflG;Wehrpflichtgesetz;
WR/in;Wissenschaftliche(r) Rat/in;
WS;Verzeichnis der Wirtschaftszweige für die Statistik der BA;
WS;Workshop;
WSA;Wasser- und Schiffahrtsamt – BMVBW -;
WSD;Wasser  und Schiffahrtsdirektion   BMVBW –;
WSL;Weitere sozialintegrative Leistungen der kommunalen Träger nach SGB II;
WV;Wiedervorlage;
WZ;Systematik der Wirtschaftszweige des Statistischen Bundesamtes;
Wzw;Wirtschaftszweig;
;;
;;
Z;;
Z;Zentrale;
z.A.;zur Anstellung;
ZAV;Zentrale Auslands- und Fachvermittlung;
ZB;Zentralbereich;
ZBau;Baufachliche Ergänzungsbe-stimmungen zu den Vorl. VV zu den §§ 44, 44a Bundeshaushaltsordnung;
ZBF;Zentrale Bühnen-, Fernseh- und Filmvermittlung ;
#NAME?;;
ZBG;Gesetz über Maßnahmen zum Schutze der Zivilbevölkerung;
ZBL;Zentralbereichsleiter;
zBTR                     zentrale Betriebe Anwendung;;
z.d.A.;zu den Akten;
ZDA;Zertifizierungsdiensteanbieter;
ZDG;Zivildienstgesetz;
ZE;Zuwendungsempfänger;
ZEBID;Zentrales EDV-unterstütztes berufs- und bildungskundliches Informations- und Dokumentationssystem;
ZEBRA;Projektname für Zentrale Betriebe Anwendung (seit 01.07.2007 in zBTR übergegangen);
ZEK                      Zentraleinkauf;;
ZEMA;Zentrale einfache Melderegisterauskunft;
ZE-Raum;Zentraleinheiten-Raum;
ZERBERUS;Zentrales IT-Verfahren zur Bearbeitungsunterstützung von Arbeitgeberleistungen;
ZEV;Ziel-(Eingliederungs-)Vereinbarung;
ZfA;Zulagestelle für Altersvermögen;
ZFA;Zentralfinanzamt;
ZG;Zuwendungsgeber;
ZHH;Zentrale Heuerstelle Hamburg;
ZIHOGA;Zentrale und Internationale Fachvermittlung für Hotel  und Gast¬stättenpersonal;
ZIntAlv;Zentrale für Internationales Arbeitslosenversicherungsrecht;
z.K.;zur Kenntnis;
ZKA;Zollkriminalamt   BMF  ;
ZKD;Zentraler Klausurendienst;
ZKM                      Zentrum für Kunden- und Mitarbeiterbefragungen;;
zKT;zugelassener kommunaler Träger nach § 6a SGB II;
ZPBest;Bestimmungen zur Durchführung der Zahlstellenprüfung;
zPDV;zentrale Personendatenverwaltung;
ZPID;Zentralstelle für psychologische Information und Dokumentation in Trier;
ZPLA;Zolltechnische Prüfungs  und Lehranstalt - BMF -;
ZPM                      Zentrales Projektmanagement;;
ZPO;Zivilprozessordnung;
ZSEG;Gesetz über die Entschädigung von Zeugen und Sachverständigen;
ZSS;Zentrale Speicherstelle (bei der Datenstelle der Träger der Rentenver.);
ZSt;Zahlstelle;
z.U.;zur Unterschrift;
ZuBest-DA;Zuwendungsbestimmungen des Bundes mit DA der BA;
ZÜF;Zentralstelle der Übungsfirmen;
ZuschlagsV;Verordnung über die Leistung von Zuschlägen zu dem Bedarf bei einer Aus¬bildung außerhalb des Geltungsbereichs des Bundesausbildungsförderungsgesetzes;
ZuwG-AA;Zuwanderungsgesetz-Agenturen für Arbeit;
ZV;Zentralverband/-verbände;
z. Vorg.;zum Vorgang;
ZWG;Zuschusswintergeld;
z.w.V.;zur weiteren Verwendung;
ZzA;Zuschüsse zur Ausbildungsvergütung;
ZzV;Zahlungsanweisung zur Verrechnung;
;;
 ;;
